Protocollo;Gruppo;DataOraIncidente;Localizzazione1;STRADA1;Localizzazione2;STRADA2;Strada02;Chilometrica;DaSpecificare;NaturaIncidente;particolaritastrade;TipoStrada;FondoStradale;Pavimentazione;Segnaletica;CondizioneAtmosferica;Traffico;Visibilita;Illuminazione;NUM_FERITI;NUM_RISERVATA;NUM_MORTI;NUM_ILLESI;Longitudine;Latitudine;Confermato;Progressivo;TipoVeicolo;StatoVeicolo;TipoPersona;Sesso;Tipolesione;Deceduto;DecedutoDopo;CinturaCascoUtilizzato;Airbag
1974174;10;12/01/2014 11:45;Strada Urbana;VIA ANAGNINA;da specificare;;;;inizio cavalcavia  Osteria del Curato dir.Roma cen;Scontro laterale fra veicoli in marcia;Rettilineo;Più di due carreggiate;Asciutto;Asfaltata;Verticale ed orizzontale;Sereno;Normale;Buona;Ore Diurne;2;0;0;2;12.64461;41.79971;-1;1;Autovettura privata;In marcia / fermata / arresto;Passeggero;F;Illeso;0;;Non accertato;Inesploso
1974174;10;12/01/2014 11:45;Strada Urbana;VIA ANAGNINA;da specificare;;;;inizio cavalcavia  Osteria del Curato dir.Roma cen;Scontro laterale fra veicoli in marcia;Rettilineo;Più di due carreggiate;Asciutto;Asfaltata;Verticale ed orizzontale;Sereno;Normale;Buona;Ore Diurne;2;0;0;2;12.64461;41.79971;-1;2;Autovettura privata;In marcia / fermata / arresto;Conducente;M;Rimandato;0;NON DECEDUTO;Non accertato;Inesistente
1974174;10;12/01/2014 11:45;Strada Urbana;VIA ANAGNINA;da specificare;;;;inizio cavalcavia  Osteria del Curato dir.Roma cen;Scontro laterale fra veicoli in marcia;Rettilineo;Più di due carreggiate;Asciutto;Asfaltata;Verticale ed orizzontale;Sereno;Normale;Buona;Ore Diurne;2;0;0;2;12.64461;41.79971;-1;2;Autovettura privata;In marcia / fermata / arresto;Passeggero;F;Rimandato;0;NON DECEDUTO;Non accertato;Inesistente
1974175;15;12/01/2014 19:45;Strada Urbana;LARGO DI S. SILVIA;all'intersezione con;VIALE GIUSEPPE SIRTORI;VIALE GIUSEPPE SIRTORI;;;Investimento di pedone;Incrocio;Due carreggiate;Asciutto;Asfaltata;Verticale ed orizzontale;Sereno;Scarso;Buona;Ore Diurne;2;0;0;1;;;-1;;;;Pedone;F;Rimandato;0;NON DECEDUTO;;
1974175;15;12/01/2014 19:45;Strada Urbana;LARGO DI S. SILVIA;all'intersezione con;VIALE GIUSEPPE SIRTORI;VIALE GIUSEPPE SIRTORI;;;Investimento di pedone;Incrocio;Due carreggiate;Asciutto;Asfaltata;Verticale ed orizzontale;Sereno;Scarso;Buona;Ore Diurne;2;0;0;1;;;-1;1;Motociclo con passeggero;In marcia / fermata / arresto;Conducente;M;Illeso;0;;Utilizzato;Inesistente
1974175;15;12/01/2014 19:45;Strada Urbana;LARGO DI S. SILVIA;all'intersezione con;VIALE GIUSEPPE SIRTORI;VIALE GIUSEPPE SIRTORI;;;Investimento di pedone;Incrocio;Due carreggiate;Asciutto;Asfaltata;Verticale ed orizzontale;Sereno;Scarso;Buona;Ore Diurne;2;0;0;1;;;-1;1;Motociclo con passeggero;In marcia / fermata / arresto;Passeggero;F;Rimandato;0;NON DECEDUTO;Utilizzato;Inesistente
1974176;15;12/01/2014 05:00;Strada Urbana;VIA PESCAGLIA;in prossimità;;del civico n.;107;;Veicolo in marcia contro veicoli in sosta;Rettilineo;Una carreggiata a doppio senso;Asciutto;Asfaltata;Assente;Nuvoloso;Scarso;Sufficiente;Sufficiente;1;0;0;2;12.46312;41.84684;-1;1;Autovettura privata;In marcia / fermata / arresto;Conducente;F;Rimandato;0;NON DECEDUTO;Non accertato;Inesistente
1974176;15;12/01/2014 05:00;Strada Urbana;VIA PESCAGLIA;in prossimità;;del civico n.;107;;Veicolo in marcia contro veicoli in sosta;Rettilineo;Una carreggiata a doppio senso;Asciutto;Asfaltata;Assente;Nuvoloso;Scarso;Sufficiente;Sufficiente;1;0;0;2;12.46312;41.84684;-1;1;Autovettura privata;In marcia / fermata / arresto;Passeggero;F;Illeso;0;;Non accertato;Inesistente
1974176;15;12/01/2014 05:00;Strada Urbana;VIA PESCAGLIA;in prossimità;;del civico n.;107;;Veicolo in marcia contro veicoli in sosta;Rettilineo;Una carreggiata a doppio senso;Asciutto;Asfaltata;Assente;Nuvoloso;Scarso;Sufficiente;Sufficiente;1;0;0;2;12.46312;41.84684;-1;1;Autovettura privata;In marcia / fermata / arresto;Passeggero;F;Illeso;0;;Non accertato;Inesistente
1974177;8;12/01/2014 11:00;Strada Urbana;VIALE DI TORRE MAURA;in prossimità;;del civico n.;76;;Veicolo in marcia contro ostacolo accidentale;Rettilineo;Due carreggiate;Asciutto;Con buche;Verticale ed orizzontale;Nuvoloso;Scarso;Sufficiente;Ore Diurne;0;0;0;1;12.59021;41.86486;-1;1;Autovettura privata;In marcia / fermata / arresto;Conducente;M;Illeso;0;;Non accertato;Inesploso
1974181;8;12/01/2014 12:00;Strada Urbana;VIA SICULIANA;in corrispondenza;;del civico n. ;82;;Veicolo in marcia contro ostacolo accidentale;Rettilineo;Una carreggiata a doppio senso;Asciutto;Asfaltata;Verticale ed orizzontale;Nuvoloso;Scarso;Buona;Ore Diurne;0;0;0;1;12.6564544;41.8691695;-1;1;Autovettura privata;In marcia / fermata / arresto;Conducente;M;Illeso;0;;Non accertato;Esploso
1974182;8;12/01/2014 14:50;Strada Urbana;VIA MASSA DI SAN GIULIANO;in corrispondenza;;del civico n. ;350;;Scontro laterale fra veicoli in marcia;Rettilineo;Una carreggiata a doppio senso;Asciutto;Asfaltata;Verticale ed orizzontale;Sereno;Scarso;Sufficiente;Ore Diurne;0;0;0;4;12.6906443;41.9075161;-1;1;Autovettura privata;In marcia / fermata / arresto;Conducente;M;Illeso;0;;Non accertato;Inesploso
1974182;8;12/01/2014 14:50;Strada Urbana;VIA MASSA DI SAN GIULIANO;in corrispondenza;;del civico n. ;350;;Scontro laterale fra veicoli in marcia;Rettilineo;Una carreggiata a doppio senso;Asciutto;Asfaltata;Verticale ed orizzontale;Sereno;Scarso;Sufficiente;Ore Diurne;0;0;0;4;12.6906443;41.9075161;-1;1;Autovettura privata;In marcia / fermata / arresto;Passeggero;F;Illeso;0;;Non accertato;Inesploso
1974182;8;12/01/2014 14:50;Strada Urbana;VIA MASSA DI SAN GIULIANO;in corrispondenza;;del civico n. ;350;;Scontro laterale fra veicoli in marcia;Rettilineo;Una carreggiata a doppio senso;Asciutto;Asfaltata;Verticale ed orizzontale;Sereno;Scarso;Sufficiente;Ore Diurne;0;0;0;4;12.6906443;41.9075161;-1;2;Autovettura privata;In marcia / fermata / arresto;Conducente;M;Illeso;0;;Non accertato;Inesploso
1974182;8;12/01/2014 14:50;Strada Urbana;VIA MASSA DI SAN GIULIANO;in corrispondenza;;del civico n. ;350;;Scontro laterale fra veicoli in marcia;Rettilineo;Una carreggiata a doppio senso;Asciutto;Asfaltata;Verticale ed orizzontale;Sereno;Scarso;Sufficiente;Ore Diurne;0;0;0;4;12.6906443;41.9075161;-1;2;Autovettura privata;In marcia / fermata / arresto;Passeggero;M;Illeso;0;;Non accertato;Inesploso
1974183;11;11/01/2014 14:25;Strada Urbana;VIA ANTONINO PIO;all'intersezione con;VIALE LEONARDO DA VINCI;VIALE LEONARDO DA VINCI;;;Scontro frontale fra veicoli in marcia;Incrocio;Una carreggiata a senso unico di marcia;Asciutto;Asfaltata;Verticale ed orizzontale;Nuvoloso;Scarso;Buona;Ore Diurne;0;0;0;2;;;-1;1;Autovettura privata;In marcia / fermata / arresto;Conducente;M;Illeso;0;;Non accertato;Inesistente
1974183;11;11/01/2014 14:25;Strada Urbana;VIA ANTONINO PIO;all'intersezione con;VIALE LEONARDO DA VINCI;VIALE LEONARDO DA VINCI;;;Scontro frontale fra veicoli in marcia;Incrocio;Una carreggiata a senso unico di marcia;Asciutto;Asfaltata;Verticale ed orizzontale;Nuvoloso;Scarso;Buona;Ore Diurne;0;0;0;2;;;-1;2;Autovettura privata;In marcia / fermata / arresto;Conducente;M;Illeso;0;;Non accertato;Inesistente
1974185;8;13/01/2014 00:45;Statale entro l'abitato;VIA CASILINA;all'intersezione con;VIA DI FONTANA CANDIDA;VIA DI FONTANA CANDIDA;;;Ribaltamento senza urto contro ostacolo fisso;Incrocio;Una carreggiata a doppio senso;Bagnato (umidità in atto);Asfaltata;Verticale ed orizzontale;Nuvoloso;Scarso;Buona;Insufficiente;0;0;0;1;;;-1;1;Autovettura privata;In marcia / fermata / arresto;Conducente;M;Illeso;0;;Non accertato;Inesploso
1974187;11;11/01/2014 20:50;Strada Urbana;VIA APPIA PIGNATELLI;all'intersezione semaforizzata con;VIA DELL'ALMONE;VIA DELL'ALMONE;;;Scontro frontale/laterale DX fra veicoli in marcia;Intersezione semaforizzata;Più di due carreggiate;Asciutto;Asfaltata;Verticale ed orizzontale;Sereno;Normale;Sufficiente;Sufficiente;0;0;0;3;;;-1;1;Autovettura privata;In marcia / fermata / arresto;Conducente;M;Illeso;0;;Non accertato;Inesistente
1974187;11;11/01/2014 20:50;Strada Urbana;VIA APPIA PIGNATELLI;all'intersezione semaforizzata con;VIA DELL'ALMONE;VIA DELL'ALMONE;;;Scontro frontale/laterale DX fra veicoli in marcia;Intersezione semaforizzata;Più di due carreggiate;Asciutto;Asfaltata;Verticale ed orizzontale;Sereno;Normale;Sufficiente;Sufficiente;0;0;0;3;;;-1;1;Autovettura privata;In marcia / fermata / arresto;Passeggero;M;Illeso;0;;Non accertato;Inesistente
1974187;11;11/01/2014 20:50;Strada Urbana;VIA APPIA PIGNATELLI;all'intersezione semaforizzata con;VIA DELL'ALMONE;VIA DELL'ALMONE;;;Scontro frontale/laterale DX fra veicoli in marcia;Intersezione semaforizzata;Più di due carreggiate;Asciutto;Asfaltata;Verticale ed orizzontale;Sereno;Normale;Sufficiente;Sufficiente;0;0;0;3;;;-1;2;Autovettura privata;In marcia / fermata / arresto;Conducente;M;Illeso;0;;Non accertato;Inesistente
1974188;8;12/01/2014 21:30;Statale entro l'abitato;VIA CASILINA;in prossimità;;del civico n. ;1294;;Tamponamento;Rettilineo;Una carreggiata a doppio senso;Asciutto;Asfaltata;Orizzontale;Sereno;Normale;Buona;Sufficiente;0;0;0;4;12.607488;41.863968;-1;1;Autovettura privata;In marcia / fermata / arresto;Conducente;M;Illeso;0;;Non accertato;Inesistente
1974188;8;12/01/2014 21:30;Statale entro l'abitato;VIA CASILINA;in prossimità;;del civico n. ;1294;;Tamponamento;Rettilineo;Una carreggiata a doppio senso;Asciutto;Asfaltata;Orizzontale;Sereno;Normale;Buona;Sufficiente;0;0;0;4;12.607488;41.863968;-1;1;Autovettura privata;In marcia / fermata / arresto;Passeggero;F;Illeso;0;;Non accertato;Inesistente
1974188;8;12/01/2014 21:30;Statale entro l'abitato;VIA CASILINA;in prossimità;;del civico n. ;1294;;Tamponamento;Rettilineo;Una carreggiata a doppio senso;Asciutto;Asfaltata;Orizzontale;Sereno;Normale;Buona;Sufficiente;0;0;0;4;12.607488;41.863968;-1;2;Autovettura privata;In marcia / fermata / arresto;Conducente;;Illeso;0;;Utilizzato;Inesistente
1974188;8;12/01/2014 21:30;Statale entro l'abitato;VIA CASILINA;in prossimità;;del civico n. ;1294;;Tamponamento;Rettilineo;Una carreggiata a doppio senso;Asciutto;Asfaltata;Orizzontale;Sereno;Normale;Buona;Sufficiente;0;0;0;4;12.607488;41.863968;-1;2;Autovettura privata;In marcia / fermata / arresto;Passeggero;F;Illeso;0;;Utilizzato;Inesploso
1974190;5;12/01/2014 20:00;Strada Urbana;VIA DELLA TENUTA DEL CAVALIERE;da specificare;;;;pross. ponte di ferro su fiume Aniene;Fuoriuscita dalla sede stradale;Rettilineo;Una carreggiata a doppio senso;Asciutto;Asfaltata;Orizzontale;Sereno;Scarso;Insufficiente;Inesistente;1;0;0;0;;;-1;1;Motociclo a solo;In marcia / fermata / arresto;Conducente;M;Rimandato;0;NON DECEDUTO;Non accertato;Inesistente
1974192;6;12/01/2014 23:10;Strada Urbana;VIA PRENESTINA;all'intersezione semaforizzata con;VIA TOR DE' SCHIAVI;VIA TOR DE' SCHIAVI;;;Scontro frontale/laterale SX fra veicoli in marcia;Intersezione semaforizzata;Più di due carreggiate;Asciutto;Asfaltata;Verticale ed orizzontale;Sereno;Scarso;Buona;Sufficiente;1;0;0;1;;;-1;1;Autovettura privata;In marcia / fermata / arresto;Conducente;F;Rimandato;0;NON DECEDUTO;Non accertato;Inesistente
1974192;6;12/01/2014 23:10;Strada Urbana;VIA PRENESTINA;all'intersezione semaforizzata con;VIA TOR DE' SCHIAVI;VIA TOR DE' SCHIAVI;;;Scontro frontale/laterale SX fra veicoli in marcia;Intersezione semaforizzata;Più di due carreggiate;Asciutto;Asfaltata;Verticale ed orizzontale;Sereno;Scarso;Buona;Sufficiente;1;0;0;1;;;-1;2;Autovettura privata;In marcia / fermata / arresto;Conducente;M;Illeso;0;;Non accertato;Inesistente
1974195;11;11/01/2014 12:20;Strada Urbana;VIALE GUGLIELMO MARCONI;all'intersezione semaforizzata con;VIA MACEDONIO MELLONI;VIA MACEDONIO MELLONI;;;Investimento di pedone;Intersezione semaforizzata;Due carreggiate;Asciutto;Asfaltata;Verticale ed orizzontale;Sereno;Normale;Buona;Ore Diurne;0;1;0;1;12.47155;41.85372;-1;;;;Pedone;M;Prognosi riservata;0;NON DECEDUTO;;
1974195;11;11/01/2014 12:20;Strada Urbana;VIALE GUGLIELMO MARCONI;all'intersezione semaforizzata con;VIA MACEDONIO MELLONI;VIA MACEDONIO MELLONI;;;Investimento di pedone;Intersezione semaforizzata;Due carreggiate;Asciutto;Asfaltata;Verticale ed orizzontale;Sereno;Normale;Buona;Ore Diurne;0;1;0;1;12.47155;41.85372;-1;1;Autovettura privata;In marcia / fermata / arresto;Conducente;F;Illeso;0;;;Inesistente
1974196;15;12/01/2014 16:10;Strada Urbana;VIA ODERISI DA GUBBIO;all'intersezione semaforizzata con;VIA QUIRINO MAJORANA;VIA QUIRINO MAJORANA;;;Scontro frontale/laterale DX fra veicoli in marcia;Intersezione semaforizzata;Due carreggiate;Asciutto;Asfaltata;Verticale ed orizzontale;Sereno;Normale;Buona;Ore Diurne;0;0;0;3;;;-1;1;Autovettura privata;In marcia / fermata / arresto;Conducente;F;Illeso;0;;Utilizzato;Inesistente
1974196;15;12/01/2014 16:10;Strada Urbana;VIA ODERISI DA GUBBIO;all'intersezione semaforizzata con;VIA QUIRINO MAJORANA;VIA QUIRINO MAJORANA;;;Scontro frontale/laterale DX fra veicoli in marcia;Intersezione semaforizzata;Due carreggiate;Asciutto;Asfaltata;Verticale ed orizzontale;Sereno;Normale;Buona;Ore Diurne;0;0;0;3;;;-1;2;Motociclo con passeggero;In marcia / fermata / arresto;Conducente;M;Illeso;0;;Utilizzato;Inesistente
1974196;15;12/01/2014 16:10;Strada Urbana;VIA ODERISI DA GUBBIO;all'intersezione semaforizzata con;VIA QUIRINO MAJORANA;VIA QUIRINO MAJORANA;;;Scontro frontale/laterale DX fra veicoli in marcia;Intersezione semaforizzata;Due carreggiate;Asciutto;Asfaltata;Verticale ed orizzontale;Sereno;Normale;Buona;Ore Diurne;0;0;0;3;;;-1;2;Motociclo con passeggero;In marcia / fermata / arresto;Passeggero;M;Illeso;0;;Utilizzato;Inesistente
1974207;5;12/01/2014 05:40;Strada Urbana;VIA TIBURTINA;da specificare;;;;altezza Via di S. Alessandro;Scontro frontale fra veicoli in marcia;Rettilineo;Una carreggiata a doppio senso;Asciutto;Asfaltata;Verticale ed orizzontale;Sereno;Scarso;Sufficiente;Sufficiente;1;0;0;1;;;-1;1;Autovettura privata;In marcia / fermata / arresto;Conducente;M;Illeso;0;;Non accertato;Esploso
1974207;5;12/01/2014 05:40;Strada Urbana;VIA TIBURTINA;da specificare;;;;altezza Via di S. Alessandro;Scontro frontale fra veicoli in marcia;Rettilineo;Una carreggiata a doppio senso;Asciutto;Asfaltata;Verticale ed orizzontale;Sereno;Scarso;Sufficiente;Sufficiente;1;0;0;1;;;-1;2;Autovettura privata;In marcia / fermata / arresto;Conducente;F;Rimandato;0;NON DECEDUTO;Non accertato;Inesistente
1974219;20;12/01/2014 12:15;Strada Urbana;LUNGOTEVERE MARESCIALLO CADORNA;in prossimità;;del palo luce n.;25;;Tamponamento;Rettilineo;Una carreggiata a doppio senso;Asciutto;Asfaltata;Verticale ed orizzontale;Sereno;Normale;Buona;Ore Diurne;2;0;0;3;12.45811;41.92785;-1;1;Autovettura di polizia;In marcia / fermata / arresto;Conducente;M;Rimandato;0;NON DECEDUTO;Non accertato;Inesploso
1974219;20;12/01/2014 12:15;Strada Urbana;LUNGOTEVERE MARESCIALLO CADORNA;in prossimità;;del palo luce n.;25;;Tamponamento;Rettilineo;Una carreggiata a doppio senso;Asciutto;Asfaltata;Verticale ed orizzontale;Sereno;Normale;Buona;Ore Diurne;2;0;0;3;12.45811;41.92785;-1;1;Autovettura di polizia;In marcia / fermata / arresto;Passeggero;M;Rimandato;0;NON DECEDUTO;Non accertato;Inesploso
1974219;20;12/01/2014 12:15;Strada Urbana;LUNGOTEVERE MARESCIALLO CADORNA;in prossimità;;del palo luce n.;25;;Tamponamento;Rettilineo;Una carreggiata a doppio senso;Asciutto;Asfaltata;Verticale ed orizzontale;Sereno;Normale;Buona;Ore Diurne;2;0;0;3;12.45811;41.92785;-1;2;Autovettura di polizia;In marcia / fermata / arresto;Conducente;M;Illeso;0;;Non accertato;Inesploso
1974219;20;12/01/2014 12:15;Strada Urbana;LUNGOTEVERE MARESCIALLO CADORNA;in prossimità;;del palo luce n.;25;;Tamponamento;Rettilineo;Una carreggiata a doppio senso;Asciutto;Asfaltata;Verticale ed orizzontale;Sereno;Normale;Buona;Ore Diurne;2;0;0;3;12.45811;41.92785;-1;2;Autovettura di polizia;In marcia / fermata / arresto;Passeggero;M;Illeso;0;;Non accertato;Inesploso
1974220;20;12/01/2014 18:00;Regionale entro l'abitato;VIA FLAMINIA;da specificare;;;;direzione GRA circa 200 mt prima uscita Saxa Rubra;Scontro laterale fra veicoli in marcia;Rettilineo;Due carreggiate;Asciutto;Asfaltata;Verticale ed orizzontale;Sereno;Normale;Sufficiente;Sufficiente;0;0;0;3;12.49015;41.98209;-1;1;Autovettura privata;In marcia / fermata / arresto;Conducente;M;Illeso;0;;Non accertato;Inesploso
1974220;20;12/01/2014 18:00;Regionale entro l'abitato;VIA FLAMINIA;da specificare;;;;direzione GRA circa 200 mt prima uscita Saxa Rubra;Scontro laterale fra veicoli in marcia;Rettilineo;Due carreggiate;Asciutto;Asfaltata;Verticale ed orizzontale;Sereno;Normale;Sufficiente;Sufficiente;0;0;0;3;12.49015;41.98209;-1;1;Autovettura privata;In marcia / fermata / arresto;Passeggero;M;Illeso;0;;Non accertato;Inesploso
1974220;20;12/01/2014 18:00;Regionale entro l'abitato;VIA FLAMINIA;da specificare;;;;direzione GRA circa 200 mt prima uscita Saxa Rubra;Scontro laterale fra veicoli in marcia;Rettilineo;Due carreggiate;Asciutto;Asfaltata;Verticale ed orizzontale;Sereno;Normale;Sufficiente;Sufficiente;0;0;0;3;12.49015;41.98209;-1;2;Motociclo a solo;In marcia / fermata / arresto;Conducente;M;Illeso;0;;Non accertato;Inesistente
1974231;19;10/01/2014 10:15;Strada Urbana;VIA MARZIALE;all'intersezione semaforizzata con;VIALE DELLE MEDAGLIE D'ORO;VIALE DELLE MEDAGLIE D'ORO;;;Scontro frontale fra veicoli in marcia;Incrocio;Una carreggiata a doppio senso;Asciutto;Asfaltata;Orizzontale;Nuvoloso;Normale;Buona;Ore Diurne;1;0;0;1;;;-1;1;Autovettura privata;In marcia / fermata / arresto;Conducente;F;Illeso;0;;;Inesistente
1974231;19;10/01/2014 10:15;Strada Urbana;VIA MARZIALE;all'intersezione semaforizzata con;VIALE DELLE MEDAGLIE D'ORO;VIALE DELLE MEDAGLIE D'ORO;;;Scontro frontale fra veicoli in marcia;Incrocio;Una carreggiata a doppio senso;Asciutto;Asfaltata;Orizzontale;Nuvoloso;Normale;Buona;Ore Diurne;1;0;0;1;;;-1;2;Motociclo a solo;In marcia / fermata / arresto;Conducente;F;Rimandato;0;NON DECEDUTO;;Inesistente
1974238;7;12/01/2014 12:40;Strada Urbana;VIALE PALMIRO TOGLIATTI;in corrispondenza;;del civico n.;524;;Tamponamento;Rettilineo;Più di due carreggiate;Asciutto;Asfaltata;Verticale ed orizzontale;Sereno;Normale;Buona;Ore Diurne;0;0;0;2;12.5705392;41.8747496;-1;1;Autovettura privata;In marcia / fermata / arresto;Conducente;M;Illeso;0;;Non accertato;Inesploso
1974238;7;12/01/2014 12:40;Strada Urbana;VIALE PALMIRO TOGLIATTI;in corrispondenza;;del civico n.;524;;Tamponamento;Rettilineo;Più di due carreggiate;Asciutto;Asfaltata;Verticale ed orizzontale;Sereno;Normale;Buona;Ore Diurne;0;0;0;2;12.5705392;41.8747496;-1;2;Autovettura privata;In marcia / fermata / arresto;Conducente;M;Illeso;0;;Non accertato;Inesistente
1974239;20;12/01/2014 18:45;Regionale entro l'abitato;VIA CASSIA;all'intersezione con;VIA ALDO DE BENEDETTI;VIA ALDO DE BENEDETTI;;;Investimento di pedone;Incrocio;Una carreggiata a doppio senso;Asciutto;Asfaltata;Orizzontale;Sereno;Normale;Insufficiente;Insufficiente;1;0;0;1;12.41447;41.98253;-1;;;;Pedone;M;Rimandato;0;NON DECEDUTO;;
1974239;20;12/01/2014 18:45;Regionale entro l'abitato;VIA CASSIA;all'intersezione con;VIA ALDO DE BENEDETTI;VIA ALDO DE BENEDETTI;;;Investimento di pedone;Incrocio;Una carreggiata a doppio senso;Asciutto;Asfaltata;Orizzontale;Sereno;Normale;Insufficiente;Insufficiente;1;0;0;1;12.41447;41.98253;-1;1;Autovettura privata;In marcia / fermata / arresto;Conducente;M;Illeso;0;;Non accertato;Inesistente
1974240;1;13/01/2014 01:00;Strada Urbana;VIALE DI TRASTEVERE;all'intersezione semaforizzata con;VIA DI S. FRANCESCO A RIPA;VIA DI S. FRANCESCO A RIPA;;;Tamponamento;Intersezione semaforizzata;Più di due carreggiate;Asciutto;Asfaltata;Verticale ed orizzontale;Sereno;Scarso;Buona;Sufficiente;0;0;0;3;;;-1;1;Autovettura privata;In marcia / fermata / arresto;Conducente;F;Illeso;0;;Non accertato;Inesistente
1974240;1;13/01/2014 01:00;Strada Urbana;VIALE DI TRASTEVERE;all'intersezione semaforizzata con;VIA DI S. FRANCESCO A RIPA;VIA DI S. FRANCESCO A RIPA;;;Tamponamento;Intersezione semaforizzata;Più di due carreggiate;Asciutto;Asfaltata;Verticale ed orizzontale;Sereno;Scarso;Buona;Sufficiente;0;0;0;3;;;-1;1;Autovettura privata;In marcia / fermata / arresto;Passeggero;F;Illeso;0;;Non accertato;Inesistente
1974240;1;13/01/2014 01:00;Strada Urbana;VIALE DI TRASTEVERE;all'intersezione semaforizzata con;VIA DI S. FRANCESCO A RIPA;VIA DI S. FRANCESCO A RIPA;;;Tamponamento;Intersezione semaforizzata;Più di due carreggiate;Asciutto;Asfaltata;Verticale ed orizzontale;Sereno;Scarso;Buona;Sufficiente;0;0;0;3;;;-1;2;Autovettura privata;In marcia / fermata / arresto;Conducente;M;Illeso;0;;Non accertato;Inesistente
1974251;7;12/01/2014 23:30;Strada Urbana;VIA COLLATINA;in corrispondenza;;del civico n.;413;;Scontro laterale fra veicoli in marcia;Rettilineo;Una carreggiata a doppio senso;Asciutto;Asfaltata;Orizzontale;Sereno;Scarso;Buona;Sufficiente;1;0;0;1;12.60785;41.90492;-1;1;Autovettura privata;In marcia / fermata / arresto;Conducente;M;Illeso;0;;Non accertato;Inesploso
1974251;7;12/01/2014 23:30;Strada Urbana;VIA COLLATINA;in corrispondenza;;del civico n.;413;;Scontro laterale fra veicoli in marcia;Rettilineo;Una carreggiata a doppio senso;Asciutto;Asfaltata;Orizzontale;Sereno;Scarso;Buona;Sufficiente;1;0;0;1;12.60785;41.90492;-1;2;Autovettura privata;In marcia / fermata / arresto;Conducente;M;Rimandato;0;NON DECEDUTO;Non accertato;Inesploso
1974256;11;11/01/2014 16:50;Strada Urbana;VIA CRISTOFORO COLOMBO;all'intersezione semaforizzata con;CIRCONVALLAZIONE OSTIENSE;CIRCONVALLAZIONE OSTIENSE;;;Investimento di pedone;Intersezione semaforizzata;Più di due carreggiate;Asciutto;Asfaltata;Verticale ed orizzontale;Sereno;Normale;Sufficiente;Ore Diurne;1;0;0;5;12.49637;41.86713;-1;;;;Pedone;F;Ricoverato;0;NON DECEDUTO;;
1974256;11;11/01/2014 16:50;Strada Urbana;VIA CRISTOFORO COLOMBO;all'intersezione semaforizzata con;CIRCONVALLAZIONE OSTIENSE;CIRCONVALLAZIONE OSTIENSE;;;Investimento di pedone;Intersezione semaforizzata;Più di due carreggiate;Asciutto;Asfaltata;Verticale ed orizzontale;Sereno;Normale;Sufficiente;Ore Diurne;1;0;0;5;12.49637;41.86713;-1;1;Autovettura privata;In marcia / fermata / arresto;Conducente;M;Illeso;0;;Non accertato;Inesistente
1974256;11;11/01/2014 16:50;Strada Urbana;VIA CRISTOFORO COLOMBO;all'intersezione semaforizzata con;CIRCONVALLAZIONE OSTIENSE;CIRCONVALLAZIONE OSTIENSE;;;Investimento di pedone;Intersezione semaforizzata;Più di due carreggiate;Asciutto;Asfaltata;Verticale ed orizzontale;Sereno;Normale;Sufficiente;Ore Diurne;1;0;0;5;12.49637;41.86713;-1;1;Autovettura privata;In marcia / fermata / arresto;Passeggero;M;Illeso;0;;Non accertato;Inesistente
1974256;11;11/01/2014 16:50;Strada Urbana;VIA CRISTOFORO COLOMBO;all'intersezione semaforizzata con;CIRCONVALLAZIONE OSTIENSE;CIRCONVALLAZIONE OSTIENSE;;;Investimento di pedone;Intersezione semaforizzata;Più di due carreggiate;Asciutto;Asfaltata;Verticale ed orizzontale;Sereno;Normale;Sufficiente;Ore Diurne;1;0;0;5;12.49637;41.86713;-1;1;Autovettura privata;In marcia / fermata / arresto;Passeggero;F;Illeso;0;;Non accertato;Inesistente
1974256;11;11/01/2014 16:50;Strada Urbana;VIA CRISTOFORO COLOMBO;all'intersezione semaforizzata con;CIRCONVALLAZIONE OSTIENSE;CIRCONVALLAZIONE OSTIENSE;;;Investimento di pedone;Intersezione semaforizzata;Più di due carreggiate;Asciutto;Asfaltata;Verticale ed orizzontale;Sereno;Normale;Sufficiente;Ore Diurne;1;0;0;5;12.49637;41.86713;-1;1;Autovettura privata;In marcia / fermata / arresto;Passeggero;F;Illeso;0;;Non accertato;Inesistente
1974256;11;11/01/2014 16:50;Strada Urbana;VIA CRISTOFORO COLOMBO;all'intersezione semaforizzata con;CIRCONVALLAZIONE OSTIENSE;CIRCONVALLAZIONE OSTIENSE;;;Investimento di pedone;Intersezione semaforizzata;Più di due carreggiate;Asciutto;Asfaltata;Verticale ed orizzontale;Sereno;Normale;Sufficiente;Ore Diurne;1;0;0;5;12.49637;41.86713;-1;1;Autovettura privata;In marcia / fermata / arresto;Passeggero;M;Illeso;0;;Non accertato;Inesistente
1974259;8;08/01/2014 20:30;Strada Urbana;VIA DI SALONE;da specificare;;;;200 mt da Via Collatina;Veicolo in marcia contro ostacolo accidentale;Rettilineo;Una carreggiata a doppio senso;Asciutto;Asfaltata;Assente;Nuvoloso;Scarso;Insufficiente;Insufficiente;0;0;0;2;;;-1;1;Autovettura privata;In marcia / fermata / arresto;Conducente;M;Illeso;0;;Non accertato;Inesploso
1974259;8;08/01/2014 20:30;Strada Urbana;VIA DI SALONE;da specificare;;;;200 mt da Via Collatina;Veicolo in marcia contro ostacolo accidentale;Rettilineo;Una carreggiata a doppio senso;Asciutto;Asfaltata;Assente;Nuvoloso;Scarso;Insufficiente;Insufficiente;0;0;0;2;;;-1;1;Autovettura privata;In marcia / fermata / arresto;Passeggero;F;Illeso;0;;Non accertato;Inesploso