Protocollo;Gruppo;DataOraIncidente;Localizzazione1;STRADA1;Localizzazione2;STRADA2;Strada02;Chilometrica;DaSpecificare;NaturaIncidente;particolaritastrade;TipoStrada;FondoStradale;Pavimentazione;Segnaletica;CondizioneAtmosferica;Traffico;Visibilita;Illuminazione;NUM_FERITI;NUM_RISERVATA;NUM_MORTI;NUM_ILLESI;Longitudine;Latitudine;Confermato;Progressivo;TipoVeicolo;StatoVeicolo;TipoPersona;Sesso;Tipolesione;Deceduto;DecedutoDopo;CinturaCascoUtilizzato;Airbag
1981070;4;23/01/2014 18:30;Strada Urbana;VIA VAL DI FIEMME;da specificare;;;;via dei Campi Flegrei;Investimento di pedone;Rettilineo;Una carreggiata a doppio senso;Bagnato (pioggia);Asfaltata;Orizzontale;Pioggia in atto;Normale;Sufficiente;Sufficiente;1;0;0;1;12.527;41.93311;-1;;;;Pedone;M;Rimandato;0;NON DECEDUTO;;
1981070;4;23/01/2014 18:30;Strada Urbana;VIA VAL DI FIEMME;da specificare;;;;via dei Campi Flegrei;Investimento di pedone;Rettilineo;Una carreggiata a doppio senso;Bagnato (pioggia);Asfaltata;Orizzontale;Pioggia in atto;Normale;Sufficiente;Sufficiente;1;0;0;1;12.527;41.93311;-1;1;Autovettura privata;In marcia / fermata / arresto;Conducente;F;Illeso;0;;Non accertato;Inesploso
1981074;1;23/01/2014 15:00;Strada Urbana;VIA ODERISI DA GUBBIO;all'intersezione con;VIA FRANCESCO GRIMALDI;VIA FRANCESCO GRIMALDI;;;Veicolo in marcia contro veicolo in sosta;Incrocio;Una carreggiata a senso unico di marcia;Asciutto;Asfaltata;Verticale ed orizzontale;Sereno;Normale;Buona;Ore Diurne;0;0;0;1;12.46548;41.86595;-1;1;Motociclo a solo;In marcia / fermata / arresto;Conducente;M;Illeso;0;;Non utilizzato;Inesistente
1981077;7;23/01/2014 22:30;Strada Urbana;VIA DEI GELSI;all'intersezione con;VIA DEI CICLAMINI;VIA DEI CICLAMINI;;;Scontro laterale fra veicoli in marcia;Incrocio;Una carreggiata a doppio senso;Bagnato (pioggia);Asfaltata;Verticale ed orizzontale;Pioggia in atto;Scarso;Buona;Sufficiente;1;0;0;2;;;-1;1;Autovettura privata;In marcia / fermata / arresto;Conducente;M;Illeso;0;;Non accertato;Inesploso
1981077;7;23/01/2014 22:30;Strada Urbana;VIA DEI GELSI;all'intersezione con;VIA DEI CICLAMINI;VIA DEI CICLAMINI;;;Scontro laterale fra veicoli in marcia;Incrocio;Una carreggiata a doppio senso;Bagnato (pioggia);Asfaltata;Verticale ed orizzontale;Pioggia in atto;Scarso;Buona;Sufficiente;1;0;0;2;;;-1;1;Autovettura privata;In marcia / fermata / arresto;Passeggero;M;Illeso;0;;Non accertato;Inesploso
1981077;7;23/01/2014 22:30;Strada Urbana;VIA DEI GELSI;all'intersezione con;VIA DEI CICLAMINI;VIA DEI CICLAMINI;;;Scontro laterale fra veicoli in marcia;Incrocio;Una carreggiata a doppio senso;Bagnato (pioggia);Asfaltata;Verticale ed orizzontale;Pioggia in atto;Scarso;Buona;Sufficiente;1;0;0;2;;;-1;2;Autovettura privata;In marcia / fermata / arresto;Conducente;M;Rimandato;0;NON DECEDUTO;Non accertato;Inesploso
1981081;17;23/01/2014 19:30;Strada Urbana;PIAZZA ADRIANA;in prossimità;;del civico n.;10 bis;;Veicolo in marcia contro ostacolo fisso;Rettilineo;Una carreggiata a senso unico di marcia;Bagnato (pioggia);Asfaltata;Verticale ed orizzontale;Pioggia in atto;Normale;Buona;Sufficiente;0;0;0;3;12.46703;41.90498;-1;1;Autovettura privata;In marcia / fermata / arresto;Conducente;F;Illeso;0;;Non accertato;Inesploso
1981081;17;23/01/2014 19:30;Strada Urbana;PIAZZA ADRIANA;in prossimità;;del civico n.;10 bis;;Veicolo in marcia contro ostacolo fisso;Rettilineo;Una carreggiata a senso unico di marcia;Bagnato (pioggia);Asfaltata;Verticale ed orizzontale;Pioggia in atto;Normale;Buona;Sufficiente;0;0;0;3;12.46703;41.90498;-1;1;Autovettura privata;In marcia / fermata / arresto;Passeggero;M;Illeso;0;;Non accertato;Inesploso
1981081;17;23/01/2014 19:30;Strada Urbana;PIAZZA ADRIANA;in prossimità;;del civico n.;10 bis;;Veicolo in marcia contro ostacolo fisso;Rettilineo;Una carreggiata a senso unico di marcia;Bagnato (pioggia);Asfaltata;Verticale ed orizzontale;Pioggia in atto;Normale;Buona;Sufficiente;0;0;0;3;12.46703;41.90498;-1;1;Autovettura privata;In marcia / fermata / arresto;Passeggero;F;Illeso;0;;Non accertato;Inesploso
1981092;4;23/01/2014 11:10;Statale entro l'abitato;VIA SALARIA;all'intersezione semaforizzata con;VIA GROTTAZZOLINA;VIA GROTTAZZOLINA;;;Tamponamento;Intersezione semaforizzata;Due carreggiate;Asciutto;Asfaltata;Verticale ed orizzontale;Nuvoloso;Normale;Buona;Ore Diurne;0;0;0;4;12.51142;41.9871;-1;1;Autovettura privata;In marcia / fermata / arresto;Conducente;M;Illeso;0;;Non accertato;Inesploso
1981092;4;23/01/2014 11:10;Statale entro l'abitato;VIA SALARIA;all'intersezione semaforizzata con;VIA GROTTAZZOLINA;VIA GROTTAZZOLINA;;;Tamponamento;Intersezione semaforizzata;Due carreggiate;Asciutto;Asfaltata;Verticale ed orizzontale;Nuvoloso;Normale;Buona;Ore Diurne;0;0;0;4;12.51142;41.9871;-1;1;Autovettura privata;In marcia / fermata / arresto;Passeggero;F;Illeso;0;;Non accertato;Inesploso
1981092;4;23/01/2014 11:10;Statale entro l'abitato;VIA SALARIA;all'intersezione semaforizzata con;VIA GROTTAZZOLINA;VIA GROTTAZZOLINA;;;Tamponamento;Intersezione semaforizzata;Due carreggiate;Asciutto;Asfaltata;Verticale ed orizzontale;Nuvoloso;Normale;Buona;Ore Diurne;0;0;0;4;12.51142;41.9871;-1;2;Autovettura privata;In marcia / fermata / arresto;Conducente;F;Illeso;0;;;Inesploso
1981092;4;23/01/2014 11:10;Statale entro l'abitato;VIA SALARIA;all'intersezione semaforizzata con;VIA GROTTAZZOLINA;VIA GROTTAZZOLINA;;;Tamponamento;Intersezione semaforizzata;Due carreggiate;Asciutto;Asfaltata;Verticale ed orizzontale;Nuvoloso;Normale;Buona;Ore Diurne;0;0;0;4;12.51142;41.9871;-1;2;Autovettura privata;In marcia / fermata / arresto;Passeggero;M;Illeso;0;;Non accertato;Inesploso
1981107;1;24/01/2014 06:45;Strada Urbana;PIAZZALE UGO LA MALFA;all'intersezione con;VIA DEL CIRCO MASSIMO;VIA DEL CIRCO MASSIMO;;;Scontro laterale fra veicoli in marcia;Incrocio;Una carreggiata a doppio senso;Bagnato (pioggia);Asfaltata;Verticale ed orizzontale;Pioggia in atto;Scarso;Sufficiente;Sufficiente;1;0;0;1;12.48502;41.88541;-1;1;Autovettura privata;In marcia / fermata / arresto;Conducente;M;Illeso;0;;Non accertato;Inesistente
1981107;1;24/01/2014 06:45;Strada Urbana;PIAZZALE UGO LA MALFA;all'intersezione con;VIA DEL CIRCO MASSIMO;VIA DEL CIRCO MASSIMO;;;Scontro laterale fra veicoli in marcia;Incrocio;Una carreggiata a doppio senso;Bagnato (pioggia);Asfaltata;Verticale ed orizzontale;Pioggia in atto;Scarso;Sufficiente;Sufficiente;1;0;0;1;12.48502;41.88541;-1;2;Motociclo a solo;In marcia / fermata / arresto;Conducente;M;Ricoverato;0;NON DECEDUTO;;
1981110;4;23/01/2014 14:45;Strada Urbana;VIA LUIGI BERTELLI;all'intersezione con;VIA NICOLA MARCHESE;VIA NICOLA MARCHESE;;;Scontro frontale/laterale SX fra veicoli in marcia;Intersezione non regolata/non segnalata;Una carreggiata a doppio senso;Asciutto;Asfaltata;Verticale;Sereno;Scarso;Sufficiente;Ore Diurne;1;0;0;2;12.54166;41.93951;-1;1;Autovettura privata;In marcia / fermata / arresto;Conducente;M;Illeso;0;;Non accertato;Inesploso
1981110;4;23/01/2014 14:45;Strada Urbana;VIA LUIGI BERTELLI;all'intersezione con;VIA NICOLA MARCHESE;VIA NICOLA MARCHESE;;;Scontro frontale/laterale SX fra veicoli in marcia;Intersezione non regolata/non segnalata;Una carreggiata a doppio senso;Asciutto;Asfaltata;Verticale;Sereno;Scarso;Sufficiente;Ore Diurne;1;0;0;2;12.54166;41.93951;-1;1;Autovettura privata;In marcia / fermata / arresto;Passeggero;F;Rifiuta cure immediate;0;NON DECEDUTO;Non accertato;Inesploso
1981110;4;23/01/2014 14:45;Strada Urbana;VIA LUIGI BERTELLI;all'intersezione con;VIA NICOLA MARCHESE;VIA NICOLA MARCHESE;;;Scontro frontale/laterale SX fra veicoli in marcia;Intersezione non regolata/non segnalata;Una carreggiata a doppio senso;Asciutto;Asfaltata;Verticale;Sereno;Scarso;Sufficiente;Ore Diurne;1;0;0;2;12.54166;41.93951;-1;2;Autovettura privata;In marcia / fermata / arresto;Conducente;M;Illeso;0;;Non accertato;Inesploso
1981113;23;23/01/2014 12:40;Strada Urbana;VIA CRISTOFORO COLOMBO;all'intersezione con;VIA DI ACILIA;VIA DI ACILIA;;;Tamponamento;Intersezione semaforizzata;Più di due carreggiate;Asciutto;Asfaltata;Verticale ed orizzontale;Sereno;Normale;Buona;Ore Diurne;1;0;0;1;12.3831;41.76515;-1;1;Autovettura privata;In marcia / fermata / arresto;Conducente;F;Rimandato;0;NON DECEDUTO;Non accertato;Inesploso
1981113;23;23/01/2014 12:40;Strada Urbana;VIA CRISTOFORO COLOMBO;all'intersezione con;VIA DI ACILIA;VIA DI ACILIA;;;Tamponamento;Intersezione semaforizzata;Più di due carreggiate;Asciutto;Asfaltata;Verticale ed orizzontale;Sereno;Normale;Buona;Ore Diurne;1;0;0;1;12.3831;41.76515;-1;2;Autovettura privata;In marcia / fermata / arresto;Conducente;F;Illeso;0;;Non accertato;Inesploso
1981117;2;24/01/2014 06:15;Strada Urbana;VIALE DELLA MOSCHEA;in prossimità;;del civico n.;fr.79;;Veicolo in marcia contro ostacolo accidentale;Curva a visuale libera;Una carreggiata a doppio senso;Bagnato (pioggia);Asfaltata;Orizzontale;Pioggia in atto;Scarso;Buona;Ore Diurne;0;0;0;1;;;-1;1;Autovettura privata;In marcia / fermata / arresto;Conducente;F;Illeso;0;;Non accertato;Inesploso
1981122;7;24/01/2014 05:50;Strada Urbana;VIA GIACOMO BRESADOLA;all'intersezione con;VIA VINCENZO CESATI;VIA VINCENZO CESATI;;;Scontro frontale/laterale DX fra veicoli in marcia;Incrocio;Una carreggiata a doppio senso;Bagnato (pioggia);Asfaltata;Verticale ed orizzontale;Pioggia in atto;Scarso;Buona;Sufficiente;1;0;0;1;;;-1;1;Vettura tranviaria;In marcia / fermata / arresto;Conducente;M;Illeso;0;;Esente;Inesistente
1981122;7;24/01/2014 05:50;Strada Urbana;VIA GIACOMO BRESADOLA;all'intersezione con;VIA VINCENZO CESATI;VIA VINCENZO CESATI;;;Scontro frontale/laterale DX fra veicoli in marcia;Incrocio;Una carreggiata a doppio senso;Bagnato (pioggia);Asfaltata;Verticale ed orizzontale;Pioggia in atto;Scarso;Buona;Sufficiente;1;0;0;1;;;-1;2;Autovettura privata;In marcia / fermata / arresto;Conducente;M;Rimandato;0;NON DECEDUTO;Non accertato;Inesploso
1981123;2;24/01/2014 08:20;Strada Urbana;PIAZZA GONDAR;all'intersezione con;VIA DELLE VALLI;VIA DELLE VALLI;;;Scontro laterale fra veicoli in marcia;Intersezione semaforizzata;Una carreggiata a doppio senso;Bagnato (pioggia);Asfaltata;Verticale ed orizzontale;Pioggia in atto;Intenso;Buona;Ore Diurne;1;0;0;2;;;-1;1;Autovettura privata;In marcia / fermata / arresto;Conducente;M;Illeso;0;;Non accertato;Inesistente
1981123;2;24/01/2014 08:20;Strada Urbana;PIAZZA GONDAR;all'intersezione con;VIA DELLE VALLI;VIA DELLE VALLI;;;Scontro laterale fra veicoli in marcia;Intersezione semaforizzata;Una carreggiata a doppio senso;Bagnato (pioggia);Asfaltata;Verticale ed orizzontale;Pioggia in atto;Intenso;Buona;Ore Diurne;1;0;0;2;;;-1;1;Autovettura privata;In marcia / fermata / arresto;Passeggero;M;Illeso;0;;Non accertato;Inesistente
1981123;2;24/01/2014 08:20;Strada Urbana;PIAZZA GONDAR;all'intersezione con;VIA DELLE VALLI;VIA DELLE VALLI;;;Scontro laterale fra veicoli in marcia;Intersezione semaforizzata;Una carreggiata a doppio senso;Bagnato (pioggia);Asfaltata;Verticale ed orizzontale;Pioggia in atto;Intenso;Buona;Ore Diurne;1;0;0;2;;;-1;2;Ciclomotore;In marcia / fermata / arresto;Conducente;F;Rifiuta cure immediate;0;NON DECEDUTO;Non accertato;Inesistente
1981127;12;24/01/2014 06:45;Strada Urbana;VIALE DI VAL FIORITA;all'intersezione con;VIA DELLE TRE FONTANE;VIA DELLE TRE FONTANE;;;Scontro frontale/laterale DX fra veicoli in marcia;Intersezione stradale segnalata;Una carreggiata a doppio senso;Bagnato (pioggia);Asfaltata;Verticale ed orizzontale;Pioggia in atto;Normale;Buona;Ore Diurne;0;0;0;3;;;-1;1;Autovettura privata;In marcia / fermata / arresto;Conducente;M;Illeso;0;;Utilizzato;Inesploso
1981127;12;24/01/2014 06:45;Strada Urbana;VIALE DI VAL FIORITA;all'intersezione con;VIA DELLE TRE FONTANE;VIA DELLE TRE FONTANE;;;Scontro frontale/laterale DX fra veicoli in marcia;Intersezione stradale segnalata;Una carreggiata a doppio senso;Bagnato (pioggia);Asfaltata;Verticale ed orizzontale;Pioggia in atto;Normale;Buona;Ore Diurne;0;0;0;3;;;-1;2;Autovettura pubblica;In marcia / fermata / arresto;Conducente;M;Illeso;0;;Utilizzato;Inesploso
1981127;12;24/01/2014 06:45;Strada Urbana;VIALE DI VAL FIORITA;all'intersezione con;VIA DELLE TRE FONTANE;VIA DELLE TRE FONTANE;;;Scontro frontale/laterale DX fra veicoli in marcia;Intersezione stradale segnalata;Una carreggiata a doppio senso;Bagnato (pioggia);Asfaltata;Verticale ed orizzontale;Pioggia in atto;Normale;Buona;Ore Diurne;0;0;0;3;;;-1;2;Autovettura pubblica;In marcia / fermata / arresto;Passeggero;M;Illeso;0;;Utilizzato;Inesploso
1981134;17;23/01/2014 22:40;Strada Urbana;VIA COLA DI RIENZO;all'intersezione semaforizzata con;VIA TERENZIO;VIA TERENZIO;;;Investimento di pedone;Intersezione semaforizzata;Una carreggiata a doppio senso;Bagnato (pioggia);In cubetti di porfido;Verticale ed orizzontale;Pioggia in atto;Normale;Buona;Sufficiente;2;0;0;3;12.46529;41.90802;-1;;;;Pedone;M;Illeso;0;;;
1981134;17;23/01/2014 22:40;Strada Urbana;VIA COLA DI RIENZO;all'intersezione semaforizzata con;VIA TERENZIO;VIA TERENZIO;;;Investimento di pedone;Intersezione semaforizzata;Una carreggiata a doppio senso;Bagnato (pioggia);In cubetti di porfido;Verticale ed orizzontale;Pioggia in atto;Normale;Buona;Sufficiente;2;0;0;3;12.46529;41.90802;-1;;;;Pedone;F;Rimandato;0;NON DECEDUTO;;
1981134;17;23/01/2014 22:40;Strada Urbana;VIA COLA DI RIENZO;all'intersezione semaforizzata con;VIA TERENZIO;VIA TERENZIO;;;Investimento di pedone;Intersezione semaforizzata;Una carreggiata a doppio senso;Bagnato (pioggia);In cubetti di porfido;Verticale ed orizzontale;Pioggia in atto;Normale;Buona;Sufficiente;2;0;0;3;12.46529;41.90802;-1;;;;Pedone;F;Rimandato;0;NON DECEDUTO;;
1981134;17;23/01/2014 22:40;Strada Urbana;VIA COLA DI RIENZO;all'intersezione semaforizzata con;VIA TERENZIO;VIA TERENZIO;;;Investimento di pedone;Intersezione semaforizzata;Una carreggiata a doppio senso;Bagnato (pioggia);In cubetti di porfido;Verticale ed orizzontale;Pioggia in atto;Normale;Buona;Sufficiente;2;0;0;3;12.46529;41.90802;-1;1;Autovettura privata;In marcia / fermata / arresto;Conducente;M;Illeso;0;;Non accertato;Inesploso
1981134;17;23/01/2014 22:40;Strada Urbana;VIA COLA DI RIENZO;all'intersezione semaforizzata con;VIA TERENZIO;VIA TERENZIO;;;Investimento di pedone;Intersezione semaforizzata;Una carreggiata a doppio senso;Bagnato (pioggia);In cubetti di porfido;Verticale ed orizzontale;Pioggia in atto;Normale;Buona;Sufficiente;2;0;0;3;12.46529;41.90802;-1;1;Autovettura privata;In marcia / fermata / arresto;Passeggero;F;Illeso;0;;Non accertato;Inesploso
1981136;7;23/01/2014 07:30;Strada Urbana;VIA TOR DE' SCHIAVI;all'intersezione con;VIA DEI GLICINI;VIA DEI GLICINI;;;Scontro laterale fra veicoli in marcia;Incrocio;Una carreggiata a doppio senso;Asciutto;Asfaltata;Orizzontale;Sereno;Normale;Buona;Ore Diurne;0;0;0;2;;;-1;1;Autovettura privata;In marcia / fermata / arresto;Conducente;M;Illeso;0;;Non accertato;Inesploso
1981136;7;23/01/2014 07:30;Strada Urbana;VIA TOR DE' SCHIAVI;all'intersezione con;VIA DEI GLICINI;VIA DEI GLICINI;;;Scontro laterale fra veicoli in marcia;Incrocio;Una carreggiata a doppio senso;Asciutto;Asfaltata;Orizzontale;Sereno;Normale;Buona;Ore Diurne;0;0;0;2;;;-1;2;Autovettura privata;In marcia / fermata / arresto;Conducente;M;Illeso;0;;Non accertato;Inesistente
1981137;1;23/01/2014 18:40;Strada Urbana;VIA MERULANA;in corrispondenza;;del civico n.;1795;;Investimento di pedone;Rettilineo;Una carreggiata a doppio senso;Bagnato (pioggia);Asfaltata;Orizzontale;Pioggia in atto;Intenso;Sufficiente;Sufficiente;1;0;0;1;12.50257;41.89084;-1;;;;Pedone;F;Rimandato;0;NON DECEDUTO;;
1981137;1;23/01/2014 18:40;Strada Urbana;VIA MERULANA;in corrispondenza;;del civico n.;1795;;Investimento di pedone;Rettilineo;Una carreggiata a doppio senso;Bagnato (pioggia);Asfaltata;Orizzontale;Pioggia in atto;Intenso;Sufficiente;Sufficiente;1;0;0;1;12.50257;41.89084;-1;1;Autovettura privata;In marcia / fermata / arresto;Conducente;M;Illeso;0;;Non accertato;Inesistente
1981141;8;23/01/2014 19:30;Strada Urbana;VIA PRENESTINA;da specificare;;;;"DIR. FUORI ROMA ALT.autolavaggio ""PINGUINO VERDE""";Veicolo in marcia contro ostacolo accidentale;Rettilineo;Una carreggiata a doppio senso;Bagnato (pioggia);Asfaltata;Verticale ed orizzontale;Pioggia in atto;Normale;Sufficiente;Sufficiente;0;0;0;2;;;-1;1;Autovettura privata;In marcia / fermata / arresto;Conducente;M;Illeso;0;;Non accertato;Inesistente
1981141;8;23/01/2014 19:30;Strada Urbana;VIA PRENESTINA;da specificare;;;;"DIR. FUORI ROMA ALT.autolavaggio ""PINGUINO VERDE""";Veicolo in marcia contro ostacolo accidentale;Rettilineo;Una carreggiata a doppio senso;Bagnato (pioggia);Asfaltata;Verticale ed orizzontale;Pioggia in atto;Normale;Sufficiente;Sufficiente;0;0;0;2;;;-1;1;Autovettura privata;In marcia / fermata / arresto;Passeggero;M;Illeso;0;;Non accertato;Inesistente
1981142;12;23/01/2014 13:00;Strada Urbana;VIALE DELL'OCEANO PACIFICO;in corrispondenza;;del civico n. ;185;;Scontro laterale fra veicoli in marcia;Rettilineo;Una carreggiata a doppio senso;Asciutto;Asfaltata;Verticale ed orizzontale;Nuvoloso;Normale;Buona;Ore Diurne;0;0;0;3;12.4568738;41.8244342;-1;1;Autovettura privata;In marcia / fermata / arresto;Conducente;M;Illeso;0;;Utilizzato;Inesploso
1981142;12;23/01/2014 13:00;Strada Urbana;VIALE DELL'OCEANO PACIFICO;in corrispondenza;;del civico n. ;185;;Scontro laterale fra veicoli in marcia;Rettilineo;Una carreggiata a doppio senso;Asciutto;Asfaltata;Verticale ed orizzontale;Nuvoloso;Normale;Buona;Ore Diurne;0;0;0;3;12.4568738;41.8244342;-1;1;Autovettura privata;In marcia / fermata / arresto;Passeggero;M;Illeso;0;;Utilizzato;Inesploso
1981142;12;23/01/2014 13:00;Strada Urbana;VIALE DELL'OCEANO PACIFICO;in corrispondenza;;del civico n. ;185;;Scontro laterale fra veicoli in marcia;Rettilineo;Una carreggiata a doppio senso;Asciutto;Asfaltata;Verticale ed orizzontale;Nuvoloso;Normale;Buona;Ore Diurne;0;0;0;3;12.4568738;41.8244342;-1;2;Autovettura privata;In marcia / fermata / arresto;Conducente;M;Illeso;0;;Utilizzato;Inesploso
1981153;20;23/01/2014 23:30;Strada Urbana;VIA FLAMINIA;da specificare;;;;sottopasso euclide;Veicolo in marcia contro ostacolo fisso;Curva a visuale libera;Una carreggiata a senso unico di marcia;Bagnato (pioggia);Asfaltata;Verticale ed orizzontale;Pioggia in atto;Normale;Sufficiente;Sufficiente;0;0;0;1;12.47184;41.94192;-1;1;Autovettura privata;In marcia / fermata / arresto;Conducente;M;Illeso;0;;Non accertato;Inesistente
1981165;12;24/01/2014 02:20;Strada Urbana;VIA TOMMASO ARCIDIACONO;da specificare;;;;FRONTE VIA DRAGO;Veicolo in marcia contro veicoli in sosta;Rettilineo;Una carreggiata a doppio senso;Bagnato (pioggia);Asfaltata;Verticale ed orizzontale;Pioggia in atto;Scarso;Buona;Sufficiente;0;0;0;3;12.50839;41.82291;-1;1;Autovettura privata;In marcia / fermata / arresto;Conducente;F;Illeso;0;;Utilizzato;Inesploso
1981165;12;24/01/2014 02:20;Strada Urbana;VIA TOMMASO ARCIDIACONO;da specificare;;;;FRONTE VIA DRAGO;Veicolo in marcia contro veicoli in sosta;Rettilineo;Una carreggiata a doppio senso;Bagnato (pioggia);Asfaltata;Verticale ed orizzontale;Pioggia in atto;Scarso;Buona;Sufficiente;0;0;0;3;12.50839;41.82291;-1;1;Autovettura privata;In marcia / fermata / arresto;Passeggero;M;Illeso;0;;Utilizzato;Inesploso
1981165;12;24/01/2014 02:20;Strada Urbana;VIA TOMMASO ARCIDIACONO;da specificare;;;;FRONTE VIA DRAGO;Veicolo in marcia contro veicoli in sosta;Rettilineo;Una carreggiata a doppio senso;Bagnato (pioggia);Asfaltata;Verticale ed orizzontale;Pioggia in atto;Scarso;Buona;Sufficiente;0;0;0;3;12.50839;41.82291;-1;1;Autovettura privata;In marcia / fermata / arresto;Passeggero;F;Illeso;0;;Utilizzato;Inesploso
1981176;20;23/01/2014 23:10;Statale entro l'abitato;VIA FLAMINIA;da specificare;;;;sottopasso euclide;Veicolo in marcia contro ostacolo accidentale;Sottopasso illuminato;Una carreggiata a senso unico di marcia;Bagnato (pioggia);Asfaltata;Verticale ed orizzontale;Pioggia in atto;Scarso;Buona;Sufficiente;0;0;0;1;12.47184;41.94192;-1;1;Autovettura privata;In marcia / fermata / arresto;Conducente;M;Illeso;0;;Non accertato;Inesistente
1981180;17;23/01/2014 08:50;Strada Urbana;VIA MARCANTONIO COLONNA;in prossimità;;del civico n.;52A;;Investimento di pedone;Rettilineo;Una carreggiata a doppio senso;Asciutto;Asfaltata;Verticale ed orizzontale;Nuvoloso;Normale;Buona;Ore Diurne;1;0;0;1;12.46653;41.91042;-1;;;;Pedone;M;Rimandato;0;NON DECEDUTO;;
1981180;17;23/01/2014 08:50;Strada Urbana;VIA MARCANTONIO COLONNA;in prossimità;;del civico n.;52A;;Investimento di pedone;Rettilineo;Una carreggiata a doppio senso;Asciutto;Asfaltata;Verticale ed orizzontale;Nuvoloso;Normale;Buona;Ore Diurne;1;0;0;1;12.46653;41.91042;-1;1;Motociclo a solo;In marcia / fermata / arresto;Conducente;M;Illeso;0;;Non accertato;Inesistente
1981181;2;23/01/2014 10:50;Strada Urbana;VIALE PARIOLI;in prossimità;;del civico n.;35/A;;Veicolo in marcia contro veicolo in sosta;Rettilineo;Una carreggiata a doppio senso;Asciutto;Asfaltata;Verticale ed orizzontale;Nuvoloso;Intenso;Buona;Ore Diurne;0;0;0;1;12.48998;41.92457;-1;1;Autovettura privata;In marcia / fermata / arresto;Conducente;F;Illeso;0;;Non accertato;Inesistente
1981182;1;23/01/2014 17:55;Strada Urbana;VIA MERULANA;da specificare;;;;lato Dip.to Salute;Investimento di pedone;Rettilineo;Una carreggiata a doppio senso;Bagnato (pioggia);Asfaltata;Verticale ed orizzontale;Pioggia in atto;Intenso;Sufficiente;Insufficiente;2;0;0;0;12.5032;41.88982;-1;;;;Pedone;F;Rifiuta cure immediate;0;NON DECEDUTO;;
1981182;1;23/01/2014 17:55;Strada Urbana;VIA MERULANA;da specificare;;;;lato Dip.to Salute;Investimento di pedone;Rettilineo;Una carreggiata a doppio senso;Bagnato (pioggia);Asfaltata;Verticale ed orizzontale;Pioggia in atto;Intenso;Sufficiente;Insufficiente;2;0;0;0;12.5032;41.88982;-1;1;Motociclo a solo;In marcia / fermata / arresto;Conducente;M;Rifiuta cure immediate;0;NON DECEDUTO;Non accertato;Inesistente
1981183;12;23/01/2014 23:30;Strada Urbana;VIA DI TRIGORIA;da specificare;;;;prox. Campi della Roma - P.le Dino Viola;Scontro frontale/laterale DX fra veicoli in marcia;Curva a visuale libera;Una carreggiata a doppio senso;Bagnato (pioggia);Asfaltata;Verticale ed orizzontale;Pioggia in atto;Scarso;Buona;Sufficiente;0;0;0;3;12.47911;41.76989;-1;1;Autovettura privata;In marcia / fermata / arresto;Conducente;M;Illeso;0;;Utilizzato;Inesploso
1981183;12;23/01/2014 23:30;Strada Urbana;VIA DI TRIGORIA;da specificare;;;;prox. Campi della Roma - P.le Dino Viola;Scontro frontale/laterale DX fra veicoli in marcia;Curva a visuale libera;Una carreggiata a doppio senso;Bagnato (pioggia);Asfaltata;Verticale ed orizzontale;Pioggia in atto;Scarso;Buona;Sufficiente;0;0;0;3;12.47911;41.76989;-1;1;Autovettura privata;In marcia / fermata / arresto;Passeggero;M;Illeso;0;;Utilizzato;Inesploso
1981183;12;23/01/2014 23:30;Strada Urbana;VIA DI TRIGORIA;da specificare;;;;prox. Campi della Roma - P.le Dino Viola;Scontro frontale/laterale DX fra veicoli in marcia;Curva a visuale libera;Una carreggiata a doppio senso;Bagnato (pioggia);Asfaltata;Verticale ed orizzontale;Pioggia in atto;Scarso;Buona;Sufficiente;0;0;0;3;12.47911;41.76989;-1;2;Autocarro inferiore 35 q.;In marcia / fermata / arresto;Conducente;M;Illeso;0;;Utilizzato;Inesploso
1981193;2;23/01/2014 18:50;Strada Urbana;VIA GARIGLIANO;all'intersezione con;VIA CLITUNNO;VIA CLITUNNO;;;Scontro frontale/laterale SX fra veicoli in marcia;Incrocio;Una carreggiata a senso unico di marcia;Bagnato (pioggia);Asfaltata;Verticale ed orizzontale;Pioggia in atto;Normale;Sufficiente;Sufficiente;0;0;0;2;12.50235;41.92078;-1;1;Autovettura privata;In marcia / fermata / arresto;Conducente;F;Illeso;0;;Non accertato;Inesistente
1981193;2;23/01/2014 18:50;Strada Urbana;VIA GARIGLIANO;all'intersezione con;VIA CLITUNNO;VIA CLITUNNO;;;Scontro frontale/laterale SX fra veicoli in marcia;Incrocio;Una carreggiata a senso unico di marcia;Bagnato (pioggia);Asfaltata;Verticale ed orizzontale;Pioggia in atto;Normale;Sufficiente;Sufficiente;0;0;0;2;12.50235;41.92078;-1;2;Autovettura privata;In marcia / fermata / arresto;Conducente;F;Illeso;0;;Non accertato;Inesistente
1981195;20;23/01/2014 22:10;Strada Urbana;VIA FLAMINIA;da specificare;;;;sottopasso euclide;Veicolo in marcia contro ostacolo accidentale;Curva a visuale libera;Una carreggiata a senso unico di marcia;Bagnato (pioggia);Asfaltata;Verticale ed orizzontale;Pioggia in atto;Normale;Sufficiente;Sufficiente;0;0;0;2;12.47184;41.94192;-1;1;Autovettura privata;In marcia / fermata / arresto;Conducente;M;Illeso;0;;Non accertato;Inesistente