Protocollo;Gruppo;DataOraIncidente;Localizzazione1;STRADA1;Localizzazione2;STRADA2;Strada02;Chilometrica;DaSpecificare;NaturaIncidente;particolaritastrade;TipoStrada;FondoStradale;Pavimentazione;Segnaletica;CondizioneAtmosferica;Traffico;Visibilita;Illuminazione;NUM_FERITI;NUM_RISERVATA;NUM_MORTI;NUM_ILLESI;Longitudine;Latitudine;Confermato;Progressivo;TipoVeicolo;StatoVeicolo;TipoPersona;Sesso;Tipolesione;Deceduto;DecedutoDopo;CinturaCascoUtilizzato;Airbag
1984950;8;29/01/2014 13:30;Strada Urbana;VIALE OXFORD;all'intersezione con;VIALE OXFORD;VIALE OXFORD;;;Scontro laterale fra veicoli in marcia;Rotatoria;Due carreggiate;Asciutto;Asfaltata;Verticale ed orizzontale;Nuvoloso;Normale;Buona;Ore Diurne;0;0;0;2;;;-1;1;Autovettura privata;In marcia / fermata / arresto;Conducente;M;Illeso;0;;Non accertato;Inesploso
1984950;8;29/01/2014 13:30;Strada Urbana;VIALE OXFORD;all'intersezione con;VIALE OXFORD;VIALE OXFORD;;;Scontro laterale fra veicoli in marcia;Rotatoria;Due carreggiate;Asciutto;Asfaltata;Verticale ed orizzontale;Nuvoloso;Normale;Buona;Ore Diurne;0;0;0;2;;;-1;2;Autovettura privata;In marcia / fermata / arresto;Conducente;F;Illeso;0;;Non accertato;Inesploso
1984953;7;29/01/2014 16:20;Strada Urbana;VIA COLLATINA;in prossimità;;del civico n. ;303A;;Investimento di pedone;Rettilineo;Una carreggiata a doppio senso;Asciutto;Asfaltata;Orizzontale;Nuvoloso;Normale;Buona;Ore Diurne;0;0;0;3;;;-1;;;;Pedone;M;Illeso;0;;;
1984953;7;29/01/2014 16:20;Strada Urbana;VIA COLLATINA;in prossimità;;del civico n. ;303A;;Investimento di pedone;Rettilineo;Una carreggiata a doppio senso;Asciutto;Asfaltata;Orizzontale;Nuvoloso;Normale;Buona;Ore Diurne;0;0;0;3;;;-1;1;Autovettura privata;In marcia / fermata / arresto;Conducente;M;Illeso;0;;Non accertato;Inesploso
1984953;7;29/01/2014 16:20;Strada Urbana;VIA COLLATINA;in prossimità;;del civico n. ;303A;;Investimento di pedone;Rettilineo;Una carreggiata a doppio senso;Asciutto;Asfaltata;Orizzontale;Nuvoloso;Normale;Buona;Ore Diurne;0;0;0;3;;;-1;1;Autovettura privata;In marcia / fermata / arresto;Passeggero;F;Illeso;0;;Non accertato;Inesploso
1984954;8;29/01/2014 07:45;Strada Urbana;VIA DI PASSOLOMBARDO;da specificare;;;;ALT. VIA PACCHIOTTI;Veicolo in marcia contro ostacolo accidentale;Rettilineo;Una carreggiata a doppio senso;Asciutto;Strada pavimentata dissestata;Orizzontale;Nuvoloso;Normale;Buona;Ore Diurne;0;0;0;1;;;-1;1;Autovettura privata;In marcia / fermata / arresto;Conducente;M;Illeso;0;;Non accertato;Inesploso
1984957;8;29/01/2014 11:35;Strada Urbana;VIA GIORGIO GRAPPELLI;in prossimità;;del palo luce n.;29;;Scontro laterale fra veicoli in marcia;Pendenza;Due carreggiate;Asciutto;Asfaltata;Verticale ed orizzontale;Nuvoloso;Normale;Sufficiente;Ore Diurne;0;0;0;2;12.65753;41.91169;-1;1;Trattore stradale;In marcia / fermata / arresto;Conducente;M;Illeso;0;;Non accertato;Inesistente
1984957;8;29/01/2014 11:35;Strada Urbana;VIA GIORGIO GRAPPELLI;in prossimità;;del palo luce n.;29;;Scontro laterale fra veicoli in marcia;Pendenza;Due carreggiate;Asciutto;Asfaltata;Verticale ed orizzontale;Nuvoloso;Normale;Sufficiente;Ore Diurne;0;0;0;2;12.65753;41.91169;-1;2;Autovettura privata;In marcia / fermata / arresto;Conducente;M;Illeso;0;;Non accertato;Inesploso
1984959;17;29/01/2014 07:55;Strada Urbana;VIA CICERONE;da specificare;;;;fronte civ. 57;Investimento di pedone;Rettilineo;Due carreggiate;Asciutto;Asfaltata;Verticale ed orizzontale;Nuvoloso;Normale;Buona;Ore Diurne;0;0;0;2;;;-1;;;;Pedone;M;Illeso;0;;;
1984959;17;29/01/2014 07:55;Strada Urbana;VIA CICERONE;da specificare;;;;fronte civ. 57;Investimento di pedone;Rettilineo;Due carreggiate;Asciutto;Asfaltata;Verticale ed orizzontale;Nuvoloso;Normale;Buona;Ore Diurne;0;0;0;2;;;-1;1;Autovettura privata;In marcia / fermata / arresto;Conducente;F;Illeso;0;;Non accertato;Inesploso
1984960;8;29/01/2014 11:20;Strada Urbana;VIALE OXFORD;da specificare;;;;altezza parcheggio multipiano;Scontro laterale fra veicoli in marcia;Rettilineo;Due carreggiate;Bagnato (pioggia);Asfaltata;Verticale ed orizzontale;Nuvoloso;Normale;Buona;Ore Diurne;0;0;0;3;;;-1;1;Autovettura privata;In marcia / fermata / arresto;Conducente;F;Illeso;0;;Non accertato;Inesistente
1984960;8;29/01/2014 11:20;Strada Urbana;VIALE OXFORD;da specificare;;;;altezza parcheggio multipiano;Scontro laterale fra veicoli in marcia;Rettilineo;Due carreggiate;Bagnato (pioggia);Asfaltata;Verticale ed orizzontale;Nuvoloso;Normale;Buona;Ore Diurne;0;0;0;3;;;-1;1;Autovettura privata;In marcia / fermata / arresto;Passeggero;M;Illeso;0;;Non accertato;Inesistente
1984960;8;29/01/2014 11:20;Strada Urbana;VIALE OXFORD;da specificare;;;;altezza parcheggio multipiano;Scontro laterale fra veicoli in marcia;Rettilineo;Due carreggiate;Bagnato (pioggia);Asfaltata;Verticale ed orizzontale;Nuvoloso;Normale;Buona;Ore Diurne;0;0;0;3;;;-1;2;Autovettura privata;In marcia / fermata / arresto;Conducente;F;Illeso;0;;Non accertato;Inesistente
1984963;8;29/01/2014 08:50;Strada Urbana;VIA DI LUNGHEZZINA;da specificare;;;;100 MT PRIMA DEL CIVICO 302/A DIR COLLATINA;Tamponamento;Rettilineo;Una carreggiata a doppio senso;Bagnato (umidità in atto);Strada pavimentata dissestata;Verticale;Nuvoloso;Normale;Sufficiente;Ore Diurne;0;0;0;3;;;-1;1;Autocarro inferiore 35 q.;In marcia / fermata / arresto;Conducente;M;Illeso;0;;Non accertato;Inesploso
1984963;8;29/01/2014 08:50;Strada Urbana;VIA DI LUNGHEZZINA;da specificare;;;;100 MT PRIMA DEL CIVICO 302/A DIR COLLATINA;Tamponamento;Rettilineo;Una carreggiata a doppio senso;Bagnato (umidità in atto);Strada pavimentata dissestata;Verticale;Nuvoloso;Normale;Sufficiente;Ore Diurne;0;0;0;3;;;-1;1;Autocarro inferiore 35 q.;In marcia / fermata / arresto;Passeggero;F;Illeso;0;;Non accertato;Inesploso
1984963;8;29/01/2014 08:50;Strada Urbana;VIA DI LUNGHEZZINA;da specificare;;;;100 MT PRIMA DEL CIVICO 302/A DIR COLLATINA;Tamponamento;Rettilineo;Una carreggiata a doppio senso;Bagnato (umidità in atto);Strada pavimentata dissestata;Verticale;Nuvoloso;Normale;Sufficiente;Ore Diurne;0;0;0;3;;;-1;2;Autovettura privata;In marcia / fermata / arresto;Conducente;;Illeso;0;;Non accertato;Inesploso
1984968;7;29/01/2014 18:50;Strada Urbana;VIALE PALMIRO TOGLIATTI;in prossimità;;del civico n.;834;;Scontro laterale fra veicoli in marcia;Rettilineo;Due carreggiate;Bagnato (pioggia);Asfaltata;Verticale ed orizzontale;Pioggia in atto;Normale;Buona;Sufficiente;0;0;0;4;12.57368;41.88671;-1;1;Autobus di linea;In marcia / fermata / arresto;Conducente;M;Illeso;0;;Non accertato;Inesistente
1984968;7;29/01/2014 18:50;Strada Urbana;VIALE PALMIRO TOGLIATTI;in prossimità;;del civico n.;834;;Scontro laterale fra veicoli in marcia;Rettilineo;Due carreggiate;Bagnato (pioggia);Asfaltata;Verticale ed orizzontale;Pioggia in atto;Normale;Buona;Sufficiente;0;0;0;4;12.57368;41.88671;-1;2;Autovettura privata;In marcia / fermata / arresto;Conducente;F;Illeso;0;;Non accertato;Inesploso
1984968;7;29/01/2014 18:50;Strada Urbana;VIALE PALMIRO TOGLIATTI;in prossimità;;del civico n.;834;;Scontro laterale fra veicoli in marcia;Rettilineo;Due carreggiate;Bagnato (pioggia);Asfaltata;Verticale ed orizzontale;Pioggia in atto;Normale;Buona;Sufficiente;0;0;0;4;12.57368;41.88671;-1;2;Autovettura privata;In marcia / fermata / arresto;Passeggero;M;Illeso;0;;Non accertato;Inesistente
1984968;7;29/01/2014 18:50;Strada Urbana;VIALE PALMIRO TOGLIATTI;in prossimità;;del civico n.;834;;Scontro laterale fra veicoli in marcia;Rettilineo;Due carreggiate;Bagnato (pioggia);Asfaltata;Verticale ed orizzontale;Pioggia in atto;Normale;Buona;Sufficiente;0;0;0;4;12.57368;41.88671;-1;2;Autovettura privata;In marcia / fermata / arresto;Passeggero;M;Illeso;0;;Non accertato;Inesploso
1984978;20;29/01/2014 07:15;Comunale extraurbana;VIA DI PRATO CORAZZA;da specificare;;;;prossimità confine Comune di Anguillara;Scontro frontale/laterale SX fra veicoli in marcia;Curva a visuale libera;Una carreggiata a doppio senso;Ghiacciato;Asfaltata;Assente;Nuvoloso;Scarso;Sufficiente;Ore Diurne;2;0;0;3;12.3309;42.08214;-1;1;Autovettura privata;In marcia / fermata / arresto;Conducente;F;Rimandato;0;NON DECEDUTO;Non accertato;Inesistente
1984978;20;29/01/2014 07:15;Comunale extraurbana;VIA DI PRATO CORAZZA;da specificare;;;;prossimità confine Comune di Anguillara;Scontro frontale/laterale SX fra veicoli in marcia;Curva a visuale libera;Una carreggiata a doppio senso;Ghiacciato;Asfaltata;Assente;Nuvoloso;Scarso;Sufficiente;Ore Diurne;2;0;0;3;12.3309;42.08214;-1;1;Autovettura privata;In marcia / fermata / arresto;Passeggero;M;Illeso;0;;Utilizzato;Inesploso
1984978;20;29/01/2014 07:15;Comunale extraurbana;VIA DI PRATO CORAZZA;da specificare;;;;prossimità confine Comune di Anguillara;Scontro frontale/laterale SX fra veicoli in marcia;Curva a visuale libera;Una carreggiata a doppio senso;Ghiacciato;Asfaltata;Assente;Nuvoloso;Scarso;Sufficiente;Ore Diurne;2;0;0;3;12.3309;42.08214;-1;1;Autovettura privata;In marcia / fermata / arresto;Passeggero;F;Rimandato;0;NON DECEDUTO;Utilizzato;Inesploso
1984978;20;29/01/2014 07:15;Comunale extraurbana;VIA DI PRATO CORAZZA;da specificare;;;;prossimità confine Comune di Anguillara;Scontro frontale/laterale SX fra veicoli in marcia;Curva a visuale libera;Una carreggiata a doppio senso;Ghiacciato;Asfaltata;Assente;Nuvoloso;Scarso;Sufficiente;Ore Diurne;2;0;0;3;12.3309;42.08214;-1;2;Autovettura privata;In marcia / fermata / arresto;Conducente;M;Illeso;0;;Non accertato;Inesploso
1984978;20;29/01/2014 07:15;Comunale extraurbana;VIA DI PRATO CORAZZA;da specificare;;;;prossimità confine Comune di Anguillara;Scontro frontale/laterale SX fra veicoli in marcia;Curva a visuale libera;Una carreggiata a doppio senso;Ghiacciato;Asfaltata;Assente;Nuvoloso;Scarso;Sufficiente;Ore Diurne;2;0;0;3;12.3309;42.08214;-1;2;Autovettura privata;In marcia / fermata / arresto;Passeggero;M;Illeso;0;;Utilizzato;Inesploso
1984986;7;29/01/2014 21:10;Strada Urbana;VIA PRENESTINA;all'intersezione con;VIALE PALMIRO TOGLIATTI;VIALE PALMIRO TOGLIATTI;;;Scontro frontale/laterale SX fra veicoli in marcia;Incrocio;Due carreggiate;Bagnato (pioggia);Asfaltata;Verticale ed orizzontale;Pioggia in atto;Scarso;Buona;Sufficiente;2;0;0;0;;;-1;1;Autovettura privata;In marcia / fermata / arresto;Conducente;F;Rimandato;0;NON DECEDUTO;Esente;Inesploso
1984986;7;29/01/2014 21:10;Strada Urbana;VIA PRENESTINA;all'intersezione con;VIALE PALMIRO TOGLIATTI;VIALE PALMIRO TOGLIATTI;;;Scontro frontale/laterale SX fra veicoli in marcia;Incrocio;Due carreggiate;Bagnato (pioggia);Asfaltata;Verticale ed orizzontale;Pioggia in atto;Scarso;Buona;Sufficiente;2;0;0;0;;;-1;2;Autovettura privata;In marcia / fermata / arresto;Conducente;M;Rimandato;0;NON DECEDUTO;Esente;Inesploso
1984990;7;30/01/2014 00:15;Strada Urbana;LARGO DELLA PRIMAVERA;in prossimità;;del civico n.;26;;Veicolo in marcia contro ostacolo accidentale;Rettilineo;Due carreggiate;Bagnato (umidità in atto);Asfaltata;Verticale ed orizzontale;Nuvoloso;Scarso;Buona;Sufficiente;0;0;0;1;12.56182;41.88759;-1;1;Autovettura privata;In marcia / fermata / arresto;Conducente;M;Illeso;0;;;Inesistente
1985025;20;28/01/2014 12:15;Strada Urbana;CORSO DI FRANCIA;in corrispondenza;;del civico n.;177;;Scontro laterale fra veicoli in marcia;Rettilineo;Più di due carreggiate;Asciutto;Asfaltata;Verticale ed orizzontale;Sereno;Normale;Buona;Ore Diurne;0;0;0;5;12.46983;41.94328;-1;1;Autocarro inferiore 35 q.;In marcia / fermata / arresto;Conducente;M;Illeso;0;;Non accertato;Inesploso
1985025;20;28/01/2014 12:15;Strada Urbana;CORSO DI FRANCIA;in corrispondenza;;del civico n.;177;;Scontro laterale fra veicoli in marcia;Rettilineo;Più di due carreggiate;Asciutto;Asfaltata;Verticale ed orizzontale;Sereno;Normale;Buona;Ore Diurne;0;0;0;5;12.46983;41.94328;-1;1;Autocarro inferiore 35 q.;In marcia / fermata / arresto;Passeggero;M;Illeso;0;;Non accertato;Inesploso
1985025;20;28/01/2014 12:15;Strada Urbana;CORSO DI FRANCIA;in corrispondenza;;del civico n.;177;;Scontro laterale fra veicoli in marcia;Rettilineo;Più di due carreggiate;Asciutto;Asfaltata;Verticale ed orizzontale;Sereno;Normale;Buona;Ore Diurne;0;0;0;5;12.46983;41.94328;-1;1;Autocarro inferiore 35 q.;In marcia / fermata / arresto;Passeggero;M;Illeso;0;;Non accertato;Inesploso
1985025;20;28/01/2014 12:15;Strada Urbana;CORSO DI FRANCIA;in corrispondenza;;del civico n.;177;;Scontro laterale fra veicoli in marcia;Rettilineo;Più di due carreggiate;Asciutto;Asfaltata;Verticale ed orizzontale;Sereno;Normale;Buona;Ore Diurne;0;0;0;5;12.46983;41.94328;-1;1;Autocarro inferiore 35 q.;In marcia / fermata / arresto;Passeggero;M;Illeso;0;;Non accertato;Inesistente
1985025;20;28/01/2014 12:15;Strada Urbana;CORSO DI FRANCIA;in corrispondenza;;del civico n.;177;;Scontro laterale fra veicoli in marcia;Rettilineo;Più di due carreggiate;Asciutto;Asfaltata;Verticale ed orizzontale;Sereno;Normale;Buona;Ore Diurne;0;0;0;5;12.46983;41.94328;-1;2;Autovettura privata;In marcia / fermata / arresto;Conducente;F;Illeso;0;;Non accertato;Inesploso
1985033;1;29/01/2014 19:35;Strada Urbana;VIA DEL TRAFORO;in prossimità;;del civico n.;131;;Investimento di pedone;Rettilineo;Una carreggiata a doppio senso;Bagnato (pioggia);Asfaltata;Verticale ed orizzontale;Pioggia in atto;Normale;Sufficiente;Sufficiente;1;0;0;1;12.48624;41.90243;-1;;;;Pedone;F;Rimandato;0;NON DECEDUTO;;
1985033;1;29/01/2014 19:35;Strada Urbana;VIA DEL TRAFORO;in prossimità;;del civico n.;131;;Investimento di pedone;Rettilineo;Una carreggiata a doppio senso;Bagnato (pioggia);Asfaltata;Verticale ed orizzontale;Pioggia in atto;Normale;Sufficiente;Sufficiente;1;0;0;1;12.48624;41.90243;-1;1;Autovettura privata;In marcia / fermata / arresto;Conducente;M;Illeso;0;;Non accertato;Inesploso
1985053;20;29/01/2014 08:10;Provinciale;VIA SACROFANESE;in prossimità;;della chilometrica;0.3;;Tamponamento Multiplo;Rettilineo;Una carreggiata a doppio senso;Bagnato (umidità in atto);Asfaltata;Orizzontale;Nuvoloso;Intenso;Buona;Ore Diurne;0;0;0;4;12.48047;42.05535;-1;1;Autovettura privata;In marcia / fermata / arresto;Conducente;F;Illeso;0;;Non accertato;Inesistente
1985053;20;29/01/2014 08:10;Provinciale;VIA SACROFANESE;in prossimità;;della chilometrica;0.3;;Tamponamento Multiplo;Rettilineo;Una carreggiata a doppio senso;Bagnato (umidità in atto);Asfaltata;Orizzontale;Nuvoloso;Intenso;Buona;Ore Diurne;0;0;0;4;12.48047;42.05535;-1;1;Autovettura privata;In marcia / fermata / arresto;Passeggero;M;Illeso;0;;Non accertato;Inesistente
1985053;20;29/01/2014 08:10;Provinciale;VIA SACROFANESE;in prossimità;;della chilometrica;0.3;;Tamponamento Multiplo;Rettilineo;Una carreggiata a doppio senso;Bagnato (umidità in atto);Asfaltata;Orizzontale;Nuvoloso;Intenso;Buona;Ore Diurne;0;0;0;4;12.48047;42.05535;-1;2;Autovettura privata;In marcia / fermata / arresto;Conducente;M;Illeso;0;;Non accertato;Inesistente
1985053;20;29/01/2014 08:10;Provinciale;VIA SACROFANESE;in prossimità;;della chilometrica;0.3;;Tamponamento Multiplo;Rettilineo;Una carreggiata a doppio senso;Bagnato (umidità in atto);Asfaltata;Orizzontale;Nuvoloso;Intenso;Buona;Ore Diurne;0;0;0;4;12.48047;42.05535;-1;3;Autovettura privata;In marcia / fermata / arresto;Conducente;M;Illeso;0;;;Inesistente
1985060;17;29/01/2014 17:20;Strada Urbana;VIA ANDREA DORIA;all'intersezione semaforizzata con;VIA RUGGERO DI LAURIA;VIA RUGGERO DI LAURIA;;;Scontro laterale fra veicoli in marcia;Intersezione semaforizzata;Una carreggiata a doppio senso;Bagnato (pioggia);Asfaltata;Verticale ed orizzontale;Pioggia in atto;Normale;Buona;Sufficiente;1;0;0;2;12.45196;41.90972;-1;1;Ciclomotore con passeggero;In marcia / fermata / arresto;Conducente;F;Illeso;0;;Non accertato;Inesistente
1985060;17;29/01/2014 17:20;Strada Urbana;VIA ANDREA DORIA;all'intersezione semaforizzata con;VIA RUGGERO DI LAURIA;VIA RUGGERO DI LAURIA;;;Scontro laterale fra veicoli in marcia;Intersezione semaforizzata;Una carreggiata a doppio senso;Bagnato (pioggia);Asfaltata;Verticale ed orizzontale;Pioggia in atto;Normale;Buona;Sufficiente;1;0;0;2;12.45196;41.90972;-1;1;Ciclomotore con passeggero;In marcia / fermata / arresto;Passeggero;F;Rimandato;0;NON DECEDUTO;;Inesistente
1985060;17;29/01/2014 17:20;Strada Urbana;VIA ANDREA DORIA;all'intersezione semaforizzata con;VIA RUGGERO DI LAURIA;VIA RUGGERO DI LAURIA;;;Scontro laterale fra veicoli in marcia;Intersezione semaforizzata;Una carreggiata a doppio senso;Bagnato (pioggia);Asfaltata;Verticale ed orizzontale;Pioggia in atto;Normale;Buona;Sufficiente;1;0;0;2;12.45196;41.90972;-1;2;Autovettura privata;In marcia / fermata / arresto;Conducente;F;Illeso;0;;Non accertato;Inesploso
1985067;15;29/01/2014 13:05;Strada Urbana;VIA MARINO MAZZACURATI;da specificare;;;;ara parcheggio prox. civico 86/90;Investimento di pedone;Rettilineo;Una carreggiata a doppio senso;Bagnato (umidità in atto);Asfaltata;Orizzontale;Nuvoloso;Scarso;Buona;Ore Diurne;1;0;0;1;12.41381;41.85137;-1;;;;Pedone;M;Rimandato;0;NON DECEDUTO;;
1985067;15;29/01/2014 13:05;Strada Urbana;VIA MARINO MAZZACURATI;da specificare;;;;ara parcheggio prox. civico 86/90;Investimento di pedone;Rettilineo;Una carreggiata a doppio senso;Bagnato (umidità in atto);Asfaltata;Orizzontale;Nuvoloso;Scarso;Buona;Ore Diurne;1;0;0;1;12.41381;41.85137;-1;1;Autovettura privata;In marcia / fermata / arresto;Conducente;M;Illeso;0;;Utilizzato;Inesistente
1985093;2;30/01/2014 08:25;Strada Urbana;VIA ULISSE ALDROVANDI;all'intersezione semaforizzata con;VIA DI VILLA SACCHETTI;VIA DI VILLA SACCHETTI;;;Scontro frontale/laterale DX fra veicoli in marcia;Intersezione semaforizzata;Una carreggiata a doppio senso;Bagnato (pioggia);Asfaltata;Verticale ed orizzontale;Pioggia in atto;Normale;Buona;Ore Diurne;1;0;0;1;12.48653;41.91908;-1;1;Autovettura privata;In marcia / fermata / arresto;Conducente;F;Rimandato;0;NON DECEDUTO;Non accertato;Esploso
1985093;2;30/01/2014 08:25;Strada Urbana;VIA ULISSE ALDROVANDI;all'intersezione semaforizzata con;VIA DI VILLA SACCHETTI;VIA DI VILLA SACCHETTI;;;Scontro frontale/laterale DX fra veicoli in marcia;Intersezione semaforizzata;Una carreggiata a doppio senso;Bagnato (pioggia);Asfaltata;Verticale ed orizzontale;Pioggia in atto;Normale;Buona;Ore Diurne;1;0;0;1;12.48653;41.91908;-1;2;Autovettura privata;In marcia / fermata / arresto;Conducente;M;Illeso;0;;Non accertato;Inesploso
1985115;20;29/01/2014 08:30;Provinciale;VIA DI S. CORNELIA;da specificare;;;;altezza castel de ceveri;Fuoriuscita dalla sede stradale;Curva senza visuale libera;Una carreggiata a doppio senso;Ghiacciato;Asfaltata;Orizzontale;Nuvoloso;Scarso;Buona;Ore Diurne;1;0;0;0;12.45411;42.02446;-1;1;Autovettura privata;In marcia / fermata / arresto;Conducente;F;Rimandato;0;NON DECEDUTO;Non accertato;Inesploso
1985116;20;29/01/2014 10:00;Strada Urbana;VIA DEGLI ORTI DELLA FARNESINA;in prossimità;;del civico n.;80;;Veicolo in marcia contro veicolo in sosta;Rettilineo;Una carreggiata a senso unico di marcia;Bagnato (pioggia);Asfaltata;Orizzontale;Pioggia in atto;Normale;Buona;Ore Diurne;0;0;0;1;12.46208;41.94272;-1;2;Autovettura privata;In marcia / fermata / arresto;Conducente;F;Illeso;0;;Non accertato;Inesploso
1985117;20;29/01/2014 18:30;Strada Urbana;LUNGOTEVERE MARESCIALLO CADORNA;in prossimità;;del palo luce n.;11;;Scontro frontale fra veicoli in marcia;Curva a visuale libera;Una carreggiata a doppio senso;Bagnato (pioggia);Asfaltata;Orizzontale;Pioggia in atto;Intenso;Sufficiente;Sufficiente;0;0;0;2;12.45811;41.92785;-1;1;Autovettura privata;In marcia / fermata / arresto;Conducente;F;Illeso;0;;Non accertato;Inesploso
1985117;20;29/01/2014 18:30;Strada Urbana;LUNGOTEVERE MARESCIALLO CADORNA;in prossimità;;del palo luce n.;11;;Scontro frontale fra veicoli in marcia;Curva a visuale libera;Una carreggiata a doppio senso;Bagnato (pioggia);Asfaltata;Orizzontale;Pioggia in atto;Intenso;Sufficiente;Sufficiente;0;0;0;2;12.45811;41.92785;-1;2;Motociclo a solo;In marcia / fermata / arresto;Conducente;M;Illeso;0;;Non accertato;Inesistente
1985118;20;30/01/2014 06:55;Provinciale;VIA BRACCIANENSE;in prossimità;;della chilometrica;7300;;Scontro frontale/laterale SX fra veicoli in marcia;Curva senza visuale libera;Una carreggiata a doppio senso;Bagnato (pioggia);Asfaltata;Verticale ed orizzontale;Pioggia in atto;Normale;Buona;Ore Diurne;0;0;0;3;12.30933;42.03633;-1;1;Autovettura privata;In marcia / fermata / arresto;Conducente;F;Illeso;0;;Non accertato;Inesploso
1985118;20;30/01/2014 06:55;Provinciale;VIA BRACCIANENSE;in prossimità;;della chilometrica;7300;;Scontro frontale/laterale SX fra veicoli in marcia;Curva senza visuale libera;Una carreggiata a doppio senso;Bagnato (pioggia);Asfaltata;Verticale ed orizzontale;Pioggia in atto;Normale;Buona;Ore Diurne;0;0;0;3;12.30933;42.03633;-1;2;Autovettura privata;In marcia / fermata / arresto;Conducente;M;Illeso;0;;Non accertato;Inesploso
1985118;20;30/01/2014 06:55;Provinciale;VIA BRACCIANENSE;in prossimità;;della chilometrica;7300;;Scontro frontale/laterale SX fra veicoli in marcia;Curva senza visuale libera;Una carreggiata a doppio senso;Bagnato (pioggia);Asfaltata;Verticale ed orizzontale;Pioggia in atto;Normale;Buona;Ore Diurne;0;0;0;3;12.30933;42.03633;-1;2;Autovettura privata;In marcia / fermata / arresto;Passeggero;F;Illeso;0;;Non accertato;Inesploso
1985123;17;29/01/2014 14:40;Strada Urbana;VIALE DELLE MILIZIE;all'intersezione con;VIA DAMIATA;VIA DAMIATA;;;Scontro frontale/laterale SX fra veicoli in marcia;Intersezione semaforizzata;Più di due carreggiate;Bagnato (pioggia);Asfaltata;Verticale ed orizzontale;Nuvoloso;Scarso;Buona;Ore Diurne;1;0;0;2;12.46311;41.91228;-1;1;Autovettura privata;In marcia / fermata / arresto;Conducente;F;Rimandato;0;NON DECEDUTO;Non accertato;Inesistente
1985123;17;29/01/2014 14:40;Strada Urbana;VIALE DELLE MILIZIE;all'intersezione con;VIA DAMIATA;VIA DAMIATA;;;Scontro frontale/laterale SX fra veicoli in marcia;Intersezione semaforizzata;Più di due carreggiate;Bagnato (pioggia);Asfaltata;Verticale ed orizzontale;Nuvoloso;Scarso;Buona;Ore Diurne;1;0;0;2;12.46311;41.91228;-1;2;Motociclo con passeggero;In marcia / fermata / arresto;Conducente;M;Illeso;0;;Non accertato;Inesistente
1985123;17;29/01/2014 14:40;Strada Urbana;VIALE DELLE MILIZIE;all'intersezione con;VIA DAMIATA;VIA DAMIATA;;;Scontro frontale/laterale SX fra veicoli in marcia;Intersezione semaforizzata;Più di due carreggiate;Bagnato (pioggia);Asfaltata;Verticale ed orizzontale;Nuvoloso;Scarso;Buona;Ore Diurne;1;0;0;2;12.46311;41.91228;-1;2;Motociclo con passeggero;In marcia / fermata / arresto;Passeggero;M;Illeso;0;;Non accertato;Inesistente
1985125;19;29/01/2014 16:00;Strada Urbana;VIA DELLA STORTA;in prossimità;;del civico n. ;494;;Veicolo in marcia contro ostacolo fisso;Rettilineo;Una carreggiata a doppio senso;Bagnato (pioggia);Asfaltata;Assente;Pioggia in atto;Scarso;Buona;Ore Diurne;0;0;0;1;12.3663016;41.9702416;-1;1;Autocarro superiore 35 q.;In marcia / fermata / arresto;Conducente;M;Illeso;0;;Non accertato;Inesistente
1985126;19;29/01/2014 18:10;Strada Urbana;VIA TRIONFALE;all'intersezione con;VIA DEL COLLE DI S. AGATA;VIA DEL COLLE DI S. AGATA;;;Scontro laterale fra veicoli in marcia;Incrocio;Una carreggiata a doppio senso;Bagnato (pioggia);Asfaltata;Verticale ed orizzontale;Pioggia in atto;Intenso;Buona;Sufficiente;0;0;0;2;;;-1;1;Motociclo a solo;In marcia / fermata / arresto;Conducente;M;Illeso;0;;Non accertato;Inesistente
1985126;19;29/01/2014 18:10;Strada Urbana;VIA TRIONFALE;all'intersezione con;VIA DEL COLLE DI S. AGATA;VIA DEL COLLE DI S. AGATA;;;Scontro laterale fra veicoli in marcia;Incrocio;Una carreggiata a doppio senso;Bagnato (pioggia);Asfaltata;Verticale ed orizzontale;Pioggia in atto;Intenso;Buona;Sufficiente;0;0;0;2;;;-1;2;Autovettura privata;In marcia / fermata / arresto;Conducente;M;Illeso;0;;Non accertato;Inesistente
1985127;19;30/01/2014 07:30;Strada Urbana;VIA PIETRO BEMBO;all'intersezione semaforizzata con;VIA BENEDETTO ALOISI MASELLA;VIA BENEDETTO ALOISI MASELLA;;;Scontro frontale/laterale DX fra veicoli in marcia;Intersezione semaforizzata;Una carreggiata a doppio senso;Bagnato (pioggia);Asfaltata;Verticale ed orizzontale;Nuvoloso;Normale;Sufficiente;Ore Diurne;1;0;0;1;;;-1;1;Autovettura privata;In marcia / fermata / arresto;Conducente;M;Rimandato;0;NON DECEDUTO;Non accertato;Inesploso