Protocollo;Gruppo;DataOraIncidente;Localizzazione1;STRADA1;Localizzazione2;STRADA2;Strada02;Chilometrica;DaSpecificare;NaturaIncidente;particolaritastrade;TipoStrada;FondoStradale;Pavimentazione;Segnaletica;CondizioneAtmosferica;Traffico;Visibilita;Illuminazione;NUM_FERITI;NUM_RISERVATA;NUM_MORTI;NUM_ILLESI;Longitudine;Latitudine;Confermato;Progressivo;TipoVeicolo;StatoVeicolo;TipoPersona;Sesso;Tipolesione;Deceduto;DecedutoDopo;CinturaCascoUtilizzato;Airbag
1988622;12;31/01/2014 20:25;Strada Urbana;VIA LAURENTINA;da specificare;;;;altezza via Carlo  Linati  direzione G.R.A.;Veicolo in marcia contro ostacolo accidentale;Rettilineo;Due carreggiate;Bagnato (pioggia);Con buche;Verticale ed orizzontale;Pioggia in atto;Normale;Sufficiente;Sufficiente;0;0;0;1;;;-1;1;Autovettura privata;In marcia / fermata / arresto;Conducente;M;Illeso;0;;Utilizzato;Inesistente
1988629;12;31/01/2014 20:00;Provinciale;VIA LAURENTINA;da specificare;;;;altezza via carlo linati direzione G.R.A.;Veicolo in marcia contro ostacolo accidentale;Rettilineo;Due carreggiate;Bagnato (pioggia);Con buche;Verticale ed orizzontale;Pioggia in atto;Normale;Sufficiente;Sufficiente;0;0;0;2;;;-1;1;Autovettura privata;In marcia / fermata / arresto;Conducente;F;Illeso;0;;Utilizzato;Inesploso
1988629;12;31/01/2014 20:00;Provinciale;VIA LAURENTINA;da specificare;;;;altezza via carlo linati direzione G.R.A.;Veicolo in marcia contro ostacolo accidentale;Rettilineo;Due carreggiate;Bagnato (pioggia);Con buche;Verticale ed orizzontale;Pioggia in atto;Normale;Sufficiente;Sufficiente;0;0;0;2;;;-1;1;Autovettura privata;In marcia / fermata / arresto;Passeggero;M;Illeso;0;;Utilizzato;Inesistente
1988645;12;31/01/2014 19:30;Provinciale;VIA LAURENTINA;da specificare;;;;altezza via Carlo Linati direzione G.R.A.;Veicolo in marcia contro ostacolo accidentale;Rettilineo;Due carreggiate;Bagnato (pioggia);Asfaltata;Verticale ed orizzontale;Pioggia in atto;Normale;Sufficiente;Sufficiente;0;0;0;1;12.4834;41.80549;-1;1;Autovettura privata;In marcia / fermata / arresto;Conducente;M;Illeso;0;;Non accertato;Inesistente
1988648;16;30/01/2014 14:00;Strada Urbana;VIALE DEI COLLI PORTUENSI;in prossimità;;del civico n.;56;;Tamponamento;Rettilineo;Due carreggiate;Bagnato (pioggia);Asfaltata;Verticale ed orizzontale;Nuvoloso;Intenso;Buona;Ore Diurne;1;0;0;2;12.44312;41.87525;-1;;;;Pedone;F;Rimandato;0;NON DECEDUTO;;
1988648;16;30/01/2014 14:00;Strada Urbana;VIALE DEI COLLI PORTUENSI;in prossimità;;del civico n.;56;;Tamponamento;Rettilineo;Due carreggiate;Bagnato (pioggia);Asfaltata;Verticale ed orizzontale;Nuvoloso;Intenso;Buona;Ore Diurne;1;0;0;2;12.44312;41.87525;-1;1;Autovettura privata;In marcia / fermata / arresto;Conducente;M;Illeso;0;;Non accertato;Inesploso
1988648;16;30/01/2014 14:00;Strada Urbana;VIALE DEI COLLI PORTUENSI;in prossimità;;del civico n.;56;;Tamponamento;Rettilineo;Due carreggiate;Bagnato (pioggia);Asfaltata;Verticale ed orizzontale;Nuvoloso;Intenso;Buona;Ore Diurne;1;0;0;2;12.44312;41.87525;-1;2;Autovettura privata;In marcia / fermata / arresto;Conducente;M;Illeso;0;;Non accertato;Inesploso
1988653;12;31/01/2014 19:50;Provinciale;VIA LAURENTINA;da specificare;;;;altezza via Carlo Linati direzione G.R.A.;Veicolo in marcia contro ostacolo accidentale;Rettilineo;Due carreggiate;Bagnato (pioggia);Con buche;Verticale ed orizzontale;Pioggia in atto;Normale;Sufficiente;Sufficiente;0;0;0;1;12.47923;41.82473;-1;1;Autovettura privata;In marcia / fermata / arresto;Conducente;M;Illeso;0;;Non accertato;Inesistente
1988660;12;31/01/2014 19:00;Regionale;VIA PONTINA;in prossimità;;della chilometrica ;20;;Veicolo in marcia contro ostacolo accidentale;Rettilineo;Due carreggiate;Bagnato (pioggia);Asfaltata;Verticale ed orizzontale;Pioggia in atto;Intenso;Insufficiente;Inesistente;0;0;0;1;;;-1;1;Autovettura privata;In marcia / fermata / arresto;Conducente;F;Illeso;0;;Utilizzato;Inesploso
1988679;16;30/01/2014 18:10;Strada Urbana;VIA DUCHESSA DI GALLIERA;all'intersezione con;VIA CATERINA FIESCHI;VIA CATERINA FIESCHI;;;Scontro frontale fra veicoli in marcia;Incrocio;Una carreggiata a doppio senso;Bagnato (pioggia);Asfaltata;Verticale;Nuvoloso;Scarso;Buona;Sufficiente;1;0;0;1;12.44853;41.87009;-1;1;Autovettura privata;In marcia / fermata / arresto;Conducente;M;Illeso;0;;Non accertato;Inesistente
1988679;16;30/01/2014 18:10;Strada Urbana;VIA DUCHESSA DI GALLIERA;all'intersezione con;VIA CATERINA FIESCHI;VIA CATERINA FIESCHI;;;Scontro frontale fra veicoli in marcia;Incrocio;Una carreggiata a doppio senso;Bagnato (pioggia);Asfaltata;Verticale;Nuvoloso;Scarso;Buona;Sufficiente;1;0;0;1;12.44853;41.87009;-1;2;Ciclomotore;In marcia / fermata / arresto;Conducente;M;Rimandato;0;NON DECEDUTO;Non accertato;Inesistente
1988711;16;31/01/2014 12:00;Strada Urbana;VIA DI VAL TELLINA;in prossimità;;del civico n.;68;;Scontro laterale fra veicoli in marcia;Rettilineo;Una carreggiata a doppio senso;Bagnato (pioggia);Asfaltata;Orizzontale;Pioggia in atto;Normale;Buona;Ore Diurne;0;0;0;2;12.44789;41.86764;-1;1;Autovettura privata;In marcia / fermata / arresto;Conducente;M;Illeso;0;;Non accertato;Inesistente
1988711;16;31/01/2014 12:00;Strada Urbana;VIA DI VAL TELLINA;in prossimità;;del civico n.;68;;Scontro laterale fra veicoli in marcia;Rettilineo;Una carreggiata a doppio senso;Bagnato (pioggia);Asfaltata;Orizzontale;Pioggia in atto;Normale;Buona;Ore Diurne;0;0;0;2;12.44789;41.86764;-1;2;Autovettura privata;In marcia / fermata / arresto;Conducente;M;Illeso;0;;Non accertato;Inesistente
1988976;12;31/01/2014 19:25;Regionale;VIA PONTINA;da specificare;;;;tra uscita V. Pratica di Mare e V. Pontina vecchia;Veicolo in marcia contro ostacolo fisso;Rettilineo;Due carreggiate;Bagnato (pioggia);Asfaltata;Verticale ed orizzontale;Pioggia in atto;Normale;Sufficiente;Sufficiente;0;0;0;1;;;-1;1;Autovettura privata;In marcia / fermata / arresto;Conducente;M;Illeso;0;;Utilizzato;Inesistente
1988988;12;31/01/2014 17:30;Regionale;VIA PONTINA;da specificare;;;;km 19,00 direzione Roma centro;Veicolo in marcia contro ostacolo fisso;Rettilineo;Due carreggiate;Bagnato (pioggia);Asfaltata;Verticale ed orizzontale;Pioggia in atto;Intenso;Insufficiente;Inesistente;0;0;0;1;;;-1;1;Autovettura privata;In marcia / fermata / arresto;Conducente;M;Illeso;0;;Utilizzato;Inesistente
1989006;12;31/01/2014 17:05;Provinciale;VIA PONTINA;da specificare;;;;cavalcavia di Spinaceto alt. rist. Quadrifoglio;Veicolo in marcia contro ostacolo accidentale;Cavalcavia;Due carreggiate;Bagnato (pioggia);Asfaltata;Verticale ed orizzontale;Pioggia in atto;Intenso;Insufficiente;Inesistente;0;0;0;2;;;-1;1;Autovettura privata;In marcia / fermata / arresto;Conducente;M;Illeso;0;;Utilizzato;Inesistente
1989006;12;31/01/2014 17:05;Provinciale;VIA PONTINA;da specificare;;;;cavalcavia di Spinaceto alt. rist. Quadrifoglio;Veicolo in marcia contro ostacolo accidentale;Cavalcavia;Due carreggiate;Bagnato (pioggia);Asfaltata;Verticale ed orizzontale;Pioggia in atto;Intenso;Insufficiente;Inesistente;0;0;0;2;;;-1;1;Autovettura privata;In marcia / fermata / arresto;Passeggero;F;Illeso;0;;Utilizzato;Inesistente
1989014;12;31/01/2014 17:00;Provinciale;VIA PONTINA;da specificare;;;;prossimità cavalcavia di  Spinaceto;Veicolo in marcia contro ostacolo accidentale;Cavalcavia;Due carreggiate;Bagnato (pioggia);Asfaltata;Verticale ed orizzontale;Pioggia in atto;Normale;Sufficiente;Inesistente;0;0;0;1;;;-1;1;Autovettura privata;In marcia / fermata / arresto;Conducente;M;Illeso;0;;Non accertato;Inesistente
1989028;12;31/01/2014 15:45;Provinciale;VIA LAURENTINA;da specificare;;;;50 mt prima del supermercato Elite dir fuori Roma;Veicolo in marcia contro ostacolo accidentale;Curva a visuale libera;Due carreggiate;Bagnato (pioggia);Con buche;Verticale ed orizzontale;Pioggia in atto;Normale;Sufficiente;Ore Diurne;0;0;0;1;12.48059;41.79294;-1;1;Autovettura privata;In marcia / fermata / arresto;Conducente;M;Illeso;0;;Non accertato;Inesistente
1989048;12;31/01/2014 11:30;Provinciale;VIA LAURENTINA;da specificare;;;;50 MT PRIMA SUPERMERCATO 'ELITE' DIR. FUORI ROMA;Veicolo in marcia contro ostacolo accidentale;Rettilineo;Due carreggiate;Bagnato (pioggia);Con buche;Verticale ed orizzontale;Pioggia in atto;Normale;Sufficiente;Ore Diurne;0;0;0;1;;;-1;1;Autovettura privata;In marcia / fermata / arresto;Conducente;M;Illeso;0;;Utilizzato;Inesploso
1989114;17;29/01/2014 12:40;Strada Urbana;PONTE UMBERTO I;all'intersezione con;PIAZZA DEI TRIBUNALI;PIAZZA DEI TRIBUNALI;;;Tamponamento;Incrocio;Due carreggiate;Asciutto;Asfaltata;Verticale ed orizzontale;Nuvoloso;Normale;Buona;Ore Diurne;0;0;0;2;;;-1;1;Motociclo a solo;In marcia / fermata / arresto;Conducente;M;Illeso;0;;Non accertato;Inesistente
1989114;17;29/01/2014 12:40;Strada Urbana;PONTE UMBERTO I;all'intersezione con;PIAZZA DEI TRIBUNALI;PIAZZA DEI TRIBUNALI;;;Tamponamento;Incrocio;Due carreggiate;Asciutto;Asfaltata;Verticale ed orizzontale;Nuvoloso;Normale;Buona;Ore Diurne;0;0;0;2;;;-1;2;Autovettura privata;In marcia / fermata / arresto;Conducente;M;Illeso;0;;Non accertato;Inesploso
1989157;12;31/01/2014 18:00;Provinciale;VIA ARDEATINA;in corrispondenza;;della chilometrica ;16;;Veicolo in marcia contro ostacolo fisso;Rettilineo;Una carreggiata a doppio senso;Bagnato (pioggia);Strada pavimentata dissestata;Verticale ed orizzontale;Pioggia in atto;Normale;Insufficiente;Inesistente;0;0;0;1;;;-1;1;Autovettura privata;In marcia / fermata / arresto;Conducente;M;Illeso;0;;Utilizzato;Inesistente
1989164;12;31/01/2014 18:15;Provinciale;VIA ARDEATINA;in corrispondenza;;della chilometrica;1600;;Veicolo in marcia contro ostacolo fisso;Rettilineo;Una carreggiata a doppio senso;Bagnato (pioggia);Con buche;Verticale ed orizzontale;Pioggia in atto;Normale;Sufficiente;Insufficiente;0;0;0;1;12.53709;41.787;-1;1;Autovettura privata;In marcia / fermata / arresto;Conducente;M;Illeso;0;;Utilizzato;Inesploso
1989201;12;31/01/2014 20:00;Regionale;VIA PONTINA;da specificare;;;;DIR. ROMA CENTRO FINE CAVALCAVIA SPINACETO;Veicolo in marcia contro ostacolo fisso;Rettilineo;Due carreggiate;Bagnato (pioggia);Con buche;Verticale ed orizzontale;Pioggia in atto;Normale;Insufficiente;Insufficiente;0;0;0;1;12.45283;41.79622;-1;1;Autovettura privata;In marcia / fermata / arresto;Conducente;M;Illeso;0;;Utilizzato;Inesploso
1989288;12;31/01/2014 19:00;Provinciale entro l'abitato;VIA ARDEATINA;in corrispondenza;;della chilometrica;16;;Veicolo in marcia contro ostacolo accidentale;Rettilineo;Una carreggiata a doppio senso;Bagnato (pioggia);Con buche;Verticale ed orizzontale;Pioggia in atto;Normale;Insufficiente;Inesistente;0;0;0;1;12.52576;41.81285;-1;1;Autovettura privata;In marcia / fermata / arresto;Conducente;F;Illeso;0;;Utilizzato;Inesistente
1989322;18;31/01/2014 19:00;Strada Urbana;VIA MATTIA BATTISTINI;in corrispondenza;;del civico n.;184;;Investimento di pedone;Rettilineo;Una carreggiata a doppio senso;Bagnato (pioggia);Asfaltata;Verticale ed orizzontale;Pioggia in atto;Normale;Buona;Sufficiente;1;0;0;1;12.41855;41.91139;-1;;;;Pedone;F;Rimandato;0;NON DECEDUTO;;
1989322;18;31/01/2014 19:00;Strada Urbana;VIA MATTIA BATTISTINI;in corrispondenza;;del civico n.;184;;Investimento di pedone;Rettilineo;Una carreggiata a doppio senso;Bagnato (pioggia);Asfaltata;Verticale ed orizzontale;Pioggia in atto;Normale;Buona;Sufficiente;1;0;0;1;12.41855;41.91139;-1;1;Autovettura privata;In marcia / fermata / arresto;Conducente;M;Illeso;0;;Non accertato;Inesploso
1989396;12;31/01/2014 21:00;Regionale entro l'abitato;VIA PONTINA;da specificare;;;;dir. Pomezia prox. km 14.00;Veicolo in marcia contro ostacolo accidentale;Pendenza;Due carreggiate;Bagnato (pioggia);Con buche;Verticale ed orizzontale;Pioggia in atto;Normale;Insufficiente;Insufficiente;0;0;0;2;;;-1;1;Autovettura privata;In marcia / fermata / arresto;Conducente;M;Illeso;0;;Utilizzato;Inesploso
1989396;12;31/01/2014 21:00;Regionale entro l'abitato;VIA PONTINA;da specificare;;;;dir. Pomezia prox. km 14.00;Veicolo in marcia contro ostacolo accidentale;Pendenza;Due carreggiate;Bagnato (pioggia);Con buche;Verticale ed orizzontale;Pioggia in atto;Normale;Insufficiente;Insufficiente;0;0;0;2;;;-1;1;Autovettura privata;In marcia / fermata / arresto;Passeggero;F;Illeso;0;;Utilizzato;Inesploso
1989408;12;31/01/2014 19:45;Provinciale entro l'abitato;VIA PONTINA;da specificare;;;;"altezza ""La Ventola"" dir. Roma ";Veicolo in marcia contro ostacolo accidentale;Rettilineo;Due carreggiate;Bagnato (pioggia);Con buche;Verticale ed orizzontale;Pioggia in atto;Normale;Sufficiente;Inesistente;0;0;0;1;;;-1;1;Autovettura privata;In marcia / fermata / arresto;Conducente;M;Illeso;0;;Utilizzato;Inesistente
1990177;20;31/01/2014 07:20;Strada Urbana;VIA DEL FORO ITALICO;da specificare;;;;Altezza Galleria Fleming;Tamponamento;Rettilineo;Due carreggiate;Bagnato (pioggia);Asfaltata;Verticale ed orizzontale;Pioggia in atto;Intenso;Sufficiente;Ore Diurne;1;0;0;3;12.47189;41.94071;-1;1;Autovettura privata;In marcia / fermata / arresto;Conducente;F;Illeso;0;;Non accertato;Inesistente
1990177;20;31/01/2014 07:20;Strada Urbana;VIA DEL FORO ITALICO;da specificare;;;;Altezza Galleria Fleming;Tamponamento;Rettilineo;Due carreggiate;Bagnato (pioggia);Asfaltata;Verticale ed orizzontale;Pioggia in atto;Intenso;Sufficiente;Ore Diurne;1;0;0;3;12.47189;41.94071;-1;1;Autovettura privata;In marcia / fermata / arresto;Passeggero;F;Illeso;0;;Non accertato;Inesistente
1990177;20;31/01/2014 07:20;Strada Urbana;VIA DEL FORO ITALICO;da specificare;;;;Altezza Galleria Fleming;Tamponamento;Rettilineo;Due carreggiate;Bagnato (pioggia);Asfaltata;Verticale ed orizzontale;Pioggia in atto;Intenso;Sufficiente;Ore Diurne;1;0;0;3;12.47189;41.94071;-1;2;Autovettura privata;In marcia / fermata / arresto;Conducente;M;Illeso;0;;Non accertato;Inesistente
1990177;20;31/01/2014 07:20;Strada Urbana;VIA DEL FORO ITALICO;da specificare;;;;Altezza Galleria Fleming;Tamponamento;Rettilineo;Due carreggiate;Bagnato (pioggia);Asfaltata;Verticale ed orizzontale;Pioggia in atto;Intenso;Sufficiente;Ore Diurne;1;0;0;3;12.47189;41.94071;-1;2;Autovettura privata;In marcia / fermata / arresto;Passeggero;F;Rimandato;0;NON DECEDUTO;Non accertato;Inesploso
1990334;12;31/01/2014 20:30;Strada Urbana;VIA GIOVANNI KOBLER;da specificare;;;;POCO PRIMA DELL'INCROCIO CON VIA MARGARETH MEAD;Veicolo in marcia contro ostacolo accidentale;Rettilineo;Una carreggiata a doppio senso;Bagnato (pioggia);Asfaltata;Verticale ed orizzontale;Pioggia in atto;Normale;Insufficiente;Sufficiente;0;0;0;1;12.5079;41.81291;-1;1;Autovettura privata;In marcia / fermata / arresto;Conducente;F;Illeso;0;;Non accertato;Inesistente
1990347;12;31/01/2014 18:00;Strada Urbana;VIALE DELL'OCEANO ATLANTICO;all'intersezione con;VIA RHODESIA;VIA RHODESIA;;;Veicolo in marcia contro ostacolo accidentale;Incrocio;Una carreggiata a doppio senso;Bagnato (pioggia);Asfaltata;Verticale ed orizzontale;Pioggia in atto;Normale;Insufficiente;Insufficiente;0;0;0;1;12.47144;41.8202;-1;1;Autovettura privata;In marcia / fermata / arresto;Conducente;F;Illeso;0;;Non accertato;Inesploso
1990356;12;31/01/2014 22:10;Provinciale;VIA PONTINA;da specificare;;;;DIREZIONE FUORI ROMA POCO DOPO USCITA G.R.A.;Veicolo in marcia contro ostacolo accidentale;Rettilineo;Due carreggiate;Bagnato (pioggia);Asfaltata;Verticale ed orizzontale;Pioggia in atto;Normale;Insufficiente;Insufficiente;0;0;0;1;12.45312;41.79735;-1;1;Autovettura privata;In marcia / fermata / arresto;Conducente;F;Illeso;0;;Non accertato;Inesistente
1990389;12;24/01/2014 18:00;Provinciale;VIA LAURENTINA;da specificare;;;;KM 16,000, direzione fuori Roma;Veicolo in marcia contro ostacolo accidentale;Curva a visuale libera;Una carreggiata a doppio senso;Bagnato (pioggia);Asfaltata;Temporanea di cantiere;Nuvoloso;Normale;Insufficiente;Inesistente;0;0;0;4;;;-1;1;Autovettura privata;In marcia / fermata / arresto;Conducente;M;Illeso;0;;Utilizzato;Inesistente
1990389;12;24/01/2014 18:00;Provinciale;VIA LAURENTINA;da specificare;;;;KM 16,000, direzione fuori Roma;Veicolo in marcia contro ostacolo accidentale;Curva a visuale libera;Una carreggiata a doppio senso;Bagnato (pioggia);Asfaltata;Temporanea di cantiere;Nuvoloso;Normale;Insufficiente;Inesistente;0;0;0;4;;;-1;1;Autovettura privata;In marcia / fermata / arresto;Passeggero;F;Illeso;0;;Utilizzato;Inesistente
1990389;12;24/01/2014 18:00;Provinciale;VIA LAURENTINA;da specificare;;;;KM 16,000, direzione fuori Roma;Veicolo in marcia contro ostacolo accidentale;Curva a visuale libera;Una carreggiata a doppio senso;Bagnato (pioggia);Asfaltata;Temporanea di cantiere;Nuvoloso;Normale;Insufficiente;Inesistente;0;0;0;4;;;-1;1;Autovettura privata;In marcia / fermata / arresto;Passeggero;F;Illeso;0;;Utilizzato;Inesistente
1990389;12;24/01/2014 18:00;Provinciale;VIA LAURENTINA;da specificare;;;;KM 16,000, direzione fuori Roma;Veicolo in marcia contro ostacolo accidentale;Curva a visuale libera;Una carreggiata a doppio senso;Bagnato (pioggia);Asfaltata;Temporanea di cantiere;Nuvoloso;Normale;Insufficiente;Inesistente;0;0;0;4;;;-1;1;Autovettura privata;In marcia / fermata / arresto;Passeggero;M;Illeso;0;;Utilizzato;Inesistente
1991060;12;31/01/2014 17:30;Strada Urbana;VIA DI MEZZOCAMMINO;da specificare;;;;dir. Spinaceto prima dell'incrocio con Via Basile;Veicolo in marcia contro ostacolo accidentale;Rettilineo;Una carreggiata a doppio senso;Bagnato (pioggia);Con buche;Verticale ed orizzontale;Pioggia in atto;Normale;Insufficiente;Ore Diurne;0;0;0;1;;;-1;1;Autovettura privata;In marcia / fermata / arresto;Conducente;F;Illeso;0;;Utilizzato;Inesistente
1991873;1;31/01/2014 20:15;Strada Urbana;PIAZZA VENEZIA;in prossimità;;del civico n.;3;;Investimento di pedone;Rotatoria;Una carreggiata a senso unico di marcia;Bagnato (pioggia);In cubetti di porfido;Verticale ed orizzontale;Pioggia in atto;Normale;Sufficiente;Sufficiente;1;0;0;1;12.48214;41.89644;-1;;;;Pedone;F;Rimandato;0;NON DECEDUTO;;
1991873;1;31/01/2014 20:15;Strada Urbana;PIAZZA VENEZIA;in prossimità;;del civico n.;3;;Investimento di pedone;Rotatoria;Una carreggiata a senso unico di marcia;Bagnato (pioggia);In cubetti di porfido;Verticale ed orizzontale;Pioggia in atto;Normale;Sufficiente;Sufficiente;1;0;0;1;12.48214;41.89644;-1;1;Motociclo a solo;In marcia / fermata / arresto;Conducente;M;Illeso;0;;Non accertato;
1994191;2;31/01/2014 18:00;Strada Urbana;VIA SALARIA;da specificare;;;;sotto caval. Tangenziale direzione Prati Fiscali;Veicolo in marcia contro ostacolo accidentale;Rettilineo;Una carreggiata a senso unico di marcia;Bagnato (pioggia);Con buche;Verticale ed orizzontale;Pioggia in atto;Intenso;Sufficiente;Sufficiente;0;0;0;1;12.51693;41.99645;-1;1;Autovettura privata;In marcia / fermata / arresto;Conducente;M;Illeso;0;;Non accertato;Inesploso
1994207;12;31/01/2014 18:10;Strada Urbana;VIALE DELL'OCEANO ATLANTICO;all'intersezione con;VIA RHODESIA;VIA RHODESIA;;;Veicolo in marcia contro ostacolo accidentale;Incrocio;Due carreggiate;Bagnato (pioggia);Con buche;Verticale ed orizzontale;Pioggia in atto;Normale;Insufficiente;Sufficiente;0;0;0;1;12.47144;41.8202;-1;1;Autovettura privata;In marcia / fermata / arresto;Conducente;M;Illeso;0;;Non accertato;Inesistente
1994212;12;31/01/2014 10:30;Strada Urbana;VIA DI TRIGORIA;da specificare;;;;dir. laurentina alt.scuola materna pross.via Arena;Veicolo in marcia contro ostacolo accidentale;Rettilineo;Una carreggiata a doppio senso;Bagnato (pioggia);Con buche;Assente;Pioggia in atto;Scarso;Sufficiente;Sufficiente;0;0;0;1;12.47911;41.76989;-1;1;Autovettura privata;In marcia / fermata / arresto;Conducente;M;Illeso;0;;Non accertato;Inesistente
1994895;12;24/01/2014 19:00;Provinciale;VIA LAURENTINA;da specificare;;;;km 16,000 dir. fuori Roma;Veicolo in marcia contro ostacolo accidentale;Curva senza visuale libera;Una carreggiata a doppio senso;Bagnato (pioggia);Asfaltata;Temporanea di cantiere;Nuvoloso;Normale;Insufficiente;Inesistente;0;0;0;2;12.4964;41.76637;-1;1;Autovettura privata;In marcia / fermata / arresto;Conducente;M;Illeso;0;;Utilizzato;Inesploso
1994895;12;24/01/2014 19:00;Provinciale;VIA LAURENTINA;da specificare;;;;km 16,000 dir. fuori Roma;Veicolo in marcia contro ostacolo accidentale;Curva senza visuale libera;Una carreggiata a doppio senso;Bagnato (pioggia);Asfaltata;Temporanea di cantiere;Nuvoloso;Normale;Insufficiente;Inesistente;0;0;0;2;12.4964;41.76637;-1;1;Autovettura privata;In marcia / fermata / arresto;Passeggero;F;Illeso;0;;Utilizzato;Inesploso
1995350;5;31/01/2014 21:50;Strada Urbana;tangenziale / est dir. salaria;da specificare;;;;tra Monti Tiburtini e Nomentana;Veicolo in marcia contro ostacolo fisso;Rettilineo;Una carreggiata a senso unico di marcia;Asciutto;Asfaltata;Orizzontale;Sereno;Scarso;Buona;Sufficiente;0;0;0;2;12.52784;41.92609;-1;1;Autovettura privata;In marcia / fermata / arresto;Conducente;M;Illeso;0;;Non accertato;
1995350;5;31/01/2014 21:50;Strada Urbana;tangenziale / est dir. salaria;da specificare;;;;tra Monti Tiburtini e Nomentana;Veicolo in marcia contro ostacolo fisso;Rettilineo;Una carreggiata a senso unico di marcia;Asciutto;Asfaltata;Orizzontale;Sereno;Scarso;Buona;Sufficiente;0;0;0;2;12.52784;41.92609;-1;1;Autovettura privata;In marcia / fermata / arresto;Passeggero;F;Illeso;0;;Non accertato;
1995974;23;28/01/2014 11:50;Strada Urbana;VIA UMBERTO MORICCA;in corrispondenza;;del palo luce n.;13;;Veicolo in marcia contro veicolo in sosta;Rettilineo;Una carreggiata a doppio senso;Asciutto;Asfaltata;Verticale ed orizzontale;Sereno;Scarso;Buona;Ore Diurne;0;0;0;1;12.43588;41.90201;-1;1;Veicolo speciale;In marcia / fermata / arresto;Conducente;M;Illeso;0;;Non accertato;Inesploso
1997682;5;22/01/2014 18:30;Strada Urbana;VIA FILIPPO MEDA;in corrispondenza;;del civico n.;169;;Investimento di pedone;Rettilineo;Una carreggiata a doppio senso;Bagnato (pioggia);Asfaltata;Verticale ed orizzontale;Pioggia in atto;Scarso;Buona;Sufficiente;1;0;0;1;12.5465897;41.9146212;-1;;;;Pedone;F;Rimandato;0;NON DECEDUTO;;
1997682;5;22/01/2014 18:30;Strada Urbana;VIA FILIPPO MEDA;in corrispondenza;;del civico n.;169;;Investimento di pedone;Rettilineo;Una carreggiata a doppio senso;Bagnato (pioggia);Asfaltata;Verticale ed orizzontale;Pioggia in atto;Scarso;Buona;Sufficiente;1;0;0;1;12.5465897;41.9146212;-1;1;Autovettura privata;In marcia / fermata / arresto;Conducente;M;Illeso;0;;Non accertato;Inesploso
1999461;16;24/01/2014 23:20;Strada Urbana;VIALE ISACCO NEWTON;in corrispondenza;;del civico n.;126;;Veicolo in marcia contro ostacolo accidentale;Rettilineo;Più di due carreggiate;Bagnato (pioggia);Asfaltata;Verticale ed orizzontale;Nuvoloso;Scarso;Buona;Sufficiente;0;0;0;1;12.44007;41.85615;-1;1;Autovettura privata;In marcia / fermata / arresto;Conducente;M;Illeso;0;;Non accertato;
2001291;5;22/01/2014 18:45;Strada Urbana;VIA MICHELANGELO TILLI;all'intersezione con;VIA ADRIANO FIORI;VIA ADRIANO FIORI;;;Investimento di pedone;Incrocio;Una carreggiata a doppio senso;Bagnato (pioggia);Asfaltata;Verticale ed orizzontale;Pioggia in atto;Scarso;Sufficiente;Sufficiente;1;0;0;1;12.55115;41.93464;-1;;;;Pedone;M;Rimandato;0;NON DECEDUTO;;
2001291;5;22/01/2014 18:45;Strada Urbana;VIA MICHELANGELO TILLI;all'intersezione con;VIA ADRIANO FIORI;VIA ADRIANO FIORI;;;Investimento di pedone;Incrocio;Una carreggiata a doppio senso;Bagnato (pioggia);Asfaltata;Verticale ed orizzontale;Pioggia in atto;Scarso;Sufficiente;Sufficiente;1;0;0;1;12.55115;41.93464;-1;1;Autovettura privata;In marcia / fermata / arresto;Conducente;M;Illeso;0;;Non accertato;Inesistente
2005283;17;07/01/2014 10:05;Strada Urbana;VIA DEL MASCHERINO;in corrispondenza;;del civico n.;67;;Tamponamento;Rettilineo;Una carreggiata a doppio senso;Asciutto;Acciotolata;Verticale ed orizzontale;Sereno;Normale;Buona;Ore Diurne;0;0;0;2;12.45883;41.90526;-1;1;Autovettura privata;In marcia / fermata / arresto;Conducente;M;Illeso;0;;Non accertato;Inesploso
2005283;17;07/01/2014 10:05;Strada Urbana;VIA DEL MASCHERINO;in corrispondenza;;del civico n.;67;;Tamponamento;Rettilineo;Una carreggiata a doppio senso;Asciutto;Acciotolata;Verticale ed orizzontale;Sereno;Normale;Buona;Ore Diurne;0;0;0;2;12.45883;41.90526;-1;2;Autovettura privata;In marcia / fermata / arresto;Conducente;F;Illeso;0;;;
2006344;5;22/01/2014 13:10;Strada Urbana;VIA BELMONTE IN SABINA;da specificare;;;;altezza GRA direzione San Basilio;Tamponamento;Rettilineo;Due carreggiate;Bagnato (pioggia);Asfaltata;Orizzontale;Pioggia in atto;Intenso;Buona;Ore Diurne;1;0;0;0;12.59349;41.94678;-1;1;Autovettura privata;In marcia / fermata / arresto;Conducente;M;Rimandato;0;NON DECEDUTO;Non accertato;